"Core Project Number","Affiliation","Pub Year","Authors","Country","ISSN","Journal Issue","Journal (Link to PubMed abstract)","Journal Title ABBR","Journal Volume","Language","Page Number","PMC ID","PMID","PUB Date","Title (Link to full-text in PubMed Central)","Related Publications in PubMed","Related Publications in Google Scholar","Articles Citing from PubMed Central","Articles Citing from Google Scholar","Relative Citation Ratio",
"T32MH020016"," ","2025","Golf, Samantha R; Trotter, Justin H; Wang, Jinzhao; Nakahara, George; Han, Xiao; Wernig, Marius; Südhof, Thomas C","United States","2692-8205"," ","<a href='https://pubmed.ncbi.nlm.nih.gov/37090508'>bioRxiv : the preprint server for biology</a>","bioRxiv"," ","eng"," ","10120619","37090508","2025 Jan 06","<a href='https://www.ncbi.nlm.nih.gov/pmc/articles/10120619'>Deletion of Neuroligins from Astrocytes Does Not Detectably Alter Synapse Numbers or Astrocyte Cytoarchitecture by Maturity.</a>","<a href='https://pubmed.ncbi.nlm.nih.gov/?Db=pubmed&DbFrom=pubmed&Cmd=Link&LinkName=pubmed_pubmed&IdsFromResult=37090508&ordinalpos=1&itool=EntrezSystem2.PEntrez.Pubmed.Pubmed_ResultsPanel.Pubmed_DiscoveryPanel.Pubmed_Discovery_RA&log$=relatedarticles&logdbfrom=pubmed'>Related, PubMed</a>","<a href='https://scholar.google.com/scholar?q=related:https://pmc.ncbi.nlm.nih.gov/articles/PMC10120619/'>Related, Google Scholar</a>","<a href='https://pubmed.ncbi.nlm.nih.gov/?linkname=pubmed_pubmed_citedin&from_uid=37090508'>Cited By, PMID</a>","<a href='https://scholar.google.com/scholar?hl=en&lr=&cites=https://pmc.ncbi.nlm.nih.gov/articles/PMC10120619/'>Cited By, Google</a>"," ",
"RF1MH128885","Biological Sciences Division, Pacific Northwest National Laboratory, Richland, WA, 99354, USA.","2025","Kitata, Reta Birhanu; Velickovic, Marija; Xu, Zhangyang; Zhao, Rui; Scholten, David; Chu, Rosalie K; Orton, Daniel J; Chrisler, William B; Zhang, Tong; Mathews, Jeremy V; Bumgarner, Benjamin M; Gursel, Demirkan B; Moore, Ronald J; Piehowski, Paul D; Liu, Tao; Smith, Richard D; Liu, Huiping; Wasserfall, Clive H; Tsai, Chia-Feng; Shi, Tujin","England","2041-1723","1","<a href='https://pubmed.ncbi.nlm.nih.gov/39805815'>Nature communications</a>","Nat Commun","16","eng","547","11730317","39805815","2025 Jan 13","<a href='https://www.ncbi.nlm.nih.gov/pmc/articles/11730317'>Robust collection and processing for label-free single voxel proteomics.</a>","<a href='https://pubmed.ncbi.nlm.nih.gov/?Db=pubmed&DbFrom=pubmed&Cmd=Link&LinkName=pubmed_pubmed&IdsFromResult=39805815&ordinalpos=1&itool=EntrezSystem2.PEntrez.Pubmed.Pubmed_ResultsPanel.Pubmed_DiscoveryPanel.Pubmed_Discovery_RA&log$=relatedarticles&logdbfrom=pubmed'>Related, PubMed</a>","<a href='https://scholar.google.com/scholar?q=related:https://pmc.ncbi.nlm.nih.gov/articles/PMC11730317/'>Related, Google Scholar</a>","<a href='https://pubmed.ncbi.nlm.nih.gov/?linkname=pubmed_pubmed_citedin&from_uid=39805815'>Cited By, PMID</a>","<a href='https://scholar.google.com/scholar?hl=en&lr=&cites=https://pmc.ncbi.nlm.nih.gov/articles/PMC11730317/'>Cited By, Google</a>"," ",
"U01MH124639","Social, Genetic and Developmental Psychiatry Centre, Institute of Psychiatry, Psychology and Neuroscience, King's College London, London, UK.","2025","Bond, Benjamin W; Duric, Bea; Spinazzola, Edoardo; Trotta, Giulia; Chesney, Edward; Li, Zhikun; Quattrone, Diego; Tripoli, Giada; Gayer-Anderson, Charlotte; Rodriguez, Victoria; Ferraro, Laura; La Cascia, Caterina; Tarricone, Ilaria; Szöke, Andrei; Arango, Celso; Bobes, Julio; Bernardo, Miquel; Del-Ben, Cristina Marta; Menezes, Paulo Rossi; Selten, Jean-Paul; Rutten, Bart P F; de Haan, Lieuwe; Stilo, Simona; Schürhoff, Franck; Pignon, Baptiste; Freeman, Tom P; Vassos, Evangelos; Murray, Robin M; Austin-Zimmerman, Isabelle; Di Forti, Marta","United States","1497-0015"," ","<a href='https://pubmed.ncbi.nlm.nih.gov/39810593'>Canadian journal of psychiatry. Revue canadienne de psychiatrie</a>","Can J Psychiatry"," ","eng","7067437241290187","11733868","39810593","2025 Jan 15","<a href='https://www.ncbi.nlm.nih.gov/pmc/articles/11733868'>Cannabis Use Cessation and the Risk of Psychotic Disorders: A Case-Control Analysis from the First Episode Case-Control EU-GEI WP2 Study: L'arrêt de l'utilisation du cannabis et le risque de troubles psychotiques: Une analyse cas-témoins tirée de l'étude cas-témoins EU-GEI WP2 centrée sur les premiers épisodes psychotiques.</a>","<a href='https://pubmed.ncbi.nlm.nih.gov/?Db=pubmed&DbFrom=pubmed&Cmd=Link&LinkName=pubmed_pubmed&IdsFromResult=39810593&ordinalpos=1&itool=EntrezSystem2.PEntrez.Pubmed.Pubmed_ResultsPanel.Pubmed_DiscoveryPanel.Pubmed_Discovery_RA&log$=relatedarticles&logdbfrom=pubmed'>Related, PubMed</a>","<a href='https://scholar.google.com/scholar?q=related:https://pmc.ncbi.nlm.nih.gov/articles/PMC11733868/'>Related, Google Scholar</a>","<a href='https://pubmed.ncbi.nlm.nih.gov/?linkname=pubmed_pubmed_citedin&from_uid=39810593'>Cited By, PMID</a>","<a href='https://scholar.google.com/scholar?hl=en&lr=&cites=https://pmc.ncbi.nlm.nih.gov/articles/PMC11733868/'>Cited By, Google</a>"," ",
"U01MH129968","Department of Social and Behavioral Sciences, Harvard T.H. Chan School of Public Health, Boston, Massachusetts.","2025","Wright, Emily; Dore, Emily C; Koenen, Karestan C; Mangurian, Christina; Williams, David R; Hamad, Rita","United States","2574-3805","1","<a href='https://pubmed.ncbi.nlm.nih.gov/39813035'>JAMA network open</a>","JAMA Netw Open","8","eng","e2454718","11736504","39813035","2025 Jan 02","<a href='https://www.ncbi.nlm.nih.gov/pmc/articles/11736504'>Prevalence of and Inequities in Poor Mental Health Across 3 US Surveys, 2011 to 2022.</a>","<a href='https://pubmed.ncbi.nlm.nih.gov/?Db=pubmed&DbFrom=pubmed&Cmd=Link&LinkName=pubmed_pubmed&IdsFromResult=39813035&ordinalpos=1&itool=EntrezSystem2.PEntrez.Pubmed.Pubmed_ResultsPanel.Pubmed_DiscoveryPanel.Pubmed_Discovery_RA&log$=relatedarticles&logdbfrom=pubmed'>Related, PubMed</a>","<a href='https://scholar.google.com/scholar?q=related:https://pmc.ncbi.nlm.nih.gov/articles/PMC11736504/'>Related, Google Scholar</a>","<a href='https://pubmed.ncbi.nlm.nih.gov/?linkname=pubmed_pubmed_citedin&from_uid=39813035'>Cited By, PMID</a>","<a href='https://scholar.google.com/scholar?hl=en&lr=&cites=https://pmc.ncbi.nlm.nih.gov/articles/PMC11736504/'>Cited By, Google</a>"," ",
"K24MH135189","Eating Disorders Clinical and Research Program, Massachusetts General Hospital, Boston, Massachusetts, USA.","2025","Thomas, Jennifer J; McPherson, Iman K","United States","1098-108X"," ","<a href='https://pubmed.ncbi.nlm.nih.gov/39821105'>The International journal of eating disorders</a>","Int J Eat Disord"," ","eng"," "," ","39821105","2025 Jan 16","Elevating the Discourse on the Comorbidity and Treatment of Eating Disorders and Autism Spectrum Disorder: Commentary on Inal-Kaleli et al. and Nimbley et al.","<a href='https://pubmed.ncbi.nlm.nih.gov/?Db=pubmed&DbFrom=pubmed&Cmd=Link&LinkName=pubmed_pubmed&IdsFromResult=39821105&ordinalpos=1&itool=EntrezSystem2.PEntrez.Pubmed.Pubmed_ResultsPanel.Pubmed_DiscoveryPanel.Pubmed_Discovery_RA&log$=relatedarticles&logdbfrom=pubmed'>Related, PubMed</a>","<a href='https://scholar.google.com/scholar?hl=en&q=Elevating the Discourse on the Comorbidity and Treatment of Eating Disorders and Autism Spectrum Disorder: Commentary on Inal-Kaleli et al. and Nimbley et al.'>Related, Google Scholar</a>","<a href='https://pubmed.ncbi.nlm.nih.gov/?linkname=pubmed_pubmed_citedin&from_uid=39821105'>Cited By, PMID</a>"," "," ",
"K24MH135189","Neuroendocrine Unit, Massachusetts General Hospital, Boston, Massachusetts, USA.","2025","Gydus, Julia; Holman, Katherine; Harshman, Stephanie; Stull, Madeline; Kuhnle, Megan; Wons, Olivia; Asanza, Elisa; Hauser, Kristine; Stern, Casey; Becker, Kendra R; Kambanis, P Evelyna; Misra, Madhusmita; Eddy, Kamryn T; Micali, Nadia; Lawson, Elizabeth A; Thomas, Jennifer J","United States","1098-108X"," ","<a href='https://pubmed.ncbi.nlm.nih.gov/39821215'>The International journal of eating disorders</a>","Int J Eat Disord"," ","eng"," "," ","39821215","2025 Jan 17","Differences in Perceived Versus Actual Sensory Perception in Avoidant/Restrictive Food Intake Disorder.","<a href='https://pubmed.ncbi.nlm.nih.gov/?Db=pubmed&DbFrom=pubmed&Cmd=Link&LinkName=pubmed_pubmed&IdsFromResult=39821215&ordinalpos=1&itool=EntrezSystem2.PEntrez.Pubmed.Pubmed_ResultsPanel.Pubmed_DiscoveryPanel.Pubmed_Discovery_RA&log$=relatedarticles&logdbfrom=pubmed'>Related, PubMed</a>","<a href='https://scholar.google.com/scholar?hl=en&q=Differences in Perceived Versus Actual Sensory Perception in Avoidant/Restrictive Food Intake Disorder.'>Related, Google Scholar</a>","<a href='https://pubmed.ncbi.nlm.nih.gov/?linkname=pubmed_pubmed_citedin&from_uid=39821215'>Cited By, PMID</a>"," "," ",
"T32MH122395","Department of Psychiatry and Biobehavioral Sciences, University of California, Los Angeles, California, USA.","2025","Meza, Jocelyn I; Piña-Watson, Brandy; Lopez, Daisy; Bonilla, Gisel Suarez; Sanchez, Maria R; Manzo, Gabriela; Garcia, Aundrea","England","1943-278X","1","<a href='https://pubmed.ncbi.nlm.nih.gov/38414324'>Suicide & life-threatening behavior</a>","Suicide Life Threat Behav","55","eng","e13067","11347724","38414324","2025 Feb","Examining the relationship between suicide ideation frequency and intergenerational acculturative conflict between Mexican descent college students and their caregivers using the interpersonal theory of suicide.","<a href='https://pubmed.ncbi.nlm.nih.gov/?Db=pubmed&DbFrom=pubmed&Cmd=Link&LinkName=pubmed_pubmed&IdsFromResult=38414324&ordinalpos=1&itool=EntrezSystem2.PEntrez.Pubmed.Pubmed_ResultsPanel.Pubmed_DiscoveryPanel.Pubmed_Discovery_RA&log$=relatedarticles&logdbfrom=pubmed'>Related, PubMed</a>","<a href='https://scholar.google.com/scholar?q=related:https://pmc.ncbi.nlm.nih.gov/articles/PMC11347724/'>Related, Google Scholar</a>","<a href='https://pubmed.ncbi.nlm.nih.gov/?linkname=pubmed_pubmed_citedin&from_uid=38414324'>Cited By, PMID</a>","<a href='https://scholar.google.com/scholar?hl=en&lr=&cites=https://pmc.ncbi.nlm.nih.gov/articles/PMC11347724/'>Cited By, Google</a>"," ",
"R01MH115174","Emory University School of Medicine, Atlanta, GA, USA.","2025","Huibregtse, Megan E; Wallace, Shimarith; Ravi, Meghna; Karra, Sriya; McAfee, Elizabeth E; Hinojosa, Cecilia A; Mekawi, Yara; Powers, Abigail; Michopoulos, Vasiliki; Lathan, Emma C","United States","1552-6518","1-2","<a href='https://pubmed.ncbi.nlm.nih.gov/38622881'>Journal of interpersonal violence</a>","J Interpers Violence","40","eng","101-120","11473712","38622881","2025 Jan","<a href='https://www.ncbi.nlm.nih.gov/pmc/articles/11473712'>The Relations Among Childhood Maltreatment and Later Intimate Partner Violence Victimization With and Without a Weapon in a Sample of Pregnant Black Individuals.</a>","<a href='https://pubmed.ncbi.nlm.nih.gov/?Db=pubmed&DbFrom=pubmed&Cmd=Link&LinkName=pubmed_pubmed&IdsFromResult=38622881&ordinalpos=1&itool=EntrezSystem2.PEntrez.Pubmed.Pubmed_ResultsPanel.Pubmed_DiscoveryPanel.Pubmed_Discovery_RA&log$=relatedarticles&logdbfrom=pubmed'>Related, PubMed</a>","<a href='https://scholar.google.com/scholar?q=related:https://pmc.ncbi.nlm.nih.gov/articles/PMC11473712/'>Related, Google Scholar</a>","<a href='https://pubmed.ncbi.nlm.nih.gov/?linkname=pubmed_pubmed_citedin&from_uid=38622881'>Cited By, PMID</a>","<a href='https://scholar.google.com/scholar?hl=en&lr=&cites=https://pmc.ncbi.nlm.nih.gov/articles/PMC11473712/'>Cited By, Google</a>"," ",
"K01MH125173","Department of Psychology, University of Virginia, Charlottesville, Virginia, USA.","2025","Williams, Cabell L; Belkowitz, Allison R; Nance, Madelyn G; Mortman, Emily T; Bae, Sonie; Ahmed, Sheher-Bano; Puglia, Meghan H","United States","1532-7078","1","<a href='https://pubmed.ncbi.nlm.nih.gov/38676934'>Infancy : the official journal of the International Society on Infant Studies</a>","Infancy","30","eng","e12595","11512688","38676934","2025","Parent attention-orienting behavior is associated with neural entropy in infancy.","<a href='https://pubmed.ncbi.nlm.nih.gov/?Db=pubmed&DbFrom=pubmed&Cmd=Link&LinkName=pubmed_pubmed&IdsFromResult=38676934&ordinalpos=1&itool=EntrezSystem2.PEntrez.Pubmed.Pubmed_ResultsPanel.Pubmed_DiscoveryPanel.Pubmed_Discovery_RA&log$=relatedarticles&logdbfrom=pubmed'>Related, PubMed</a>","<a href='https://scholar.google.com/scholar?q=related:https://pmc.ncbi.nlm.nih.gov/articles/PMC11512688/'>Related, Google Scholar</a>","<a href='https://pubmed.ncbi.nlm.nih.gov/?linkname=pubmed_pubmed_citedin&from_uid=38676934'>Cited By, PMID</a>","<a href='https://scholar.google.com/scholar?hl=en&lr=&cites=https://pmc.ncbi.nlm.nih.gov/articles/PMC11512688/'>Cited By, Google</a>"," ",
"K23MH130728","Division of Emergency Medicine, Children's Mercy Kansas City, Kansas City, MO, USA.","2025","McNeill-Johnson, April; Miller, Melissa; Stancil, Stephani; Randell, Kimberly A","United States","1938-2707","1","<a href='https://pubmed.ncbi.nlm.nih.gov/38682641'>Clinical pediatrics</a>","Clin Pediatr (Phila)","64","eng","9-13"," ","38682641","2025 Jan","Sexual and Reproductive Health Care Utilization for Youth Experiencing Homelessness.","<a href='https://pubmed.ncbi.nlm.nih.gov/?Db=pubmed&DbFrom=pubmed&Cmd=Link&LinkName=pubmed_pubmed&IdsFromResult=38682641&ordinalpos=1&itool=EntrezSystem2.PEntrez.Pubmed.Pubmed_ResultsPanel.Pubmed_DiscoveryPanel.Pubmed_Discovery_RA&log$=relatedarticles&logdbfrom=pubmed'>Related, PubMed</a>","<a href='https://scholar.google.com/scholar?hl=en&q=Sexual and Reproductive Health Care Utilization for Youth Experiencing Homelessness.'>Related, Google Scholar</a>","<a href='https://pubmed.ncbi.nlm.nih.gov/?linkname=pubmed_pubmed_citedin&from_uid=38682641'>Cited By, PMID</a>"," "," ",
"K23MH120503","Lindner Center of HOPE, Mason, OH, USA; Department of Psychiatry and Behavioral Neuroscience, University of Cincinnati College of Medicine, Cincinnati, OH, USA. Electronic address: romofo@ucmail.uc.edu.","2025","Romo-Nava, Francisco","England","1471-499X","1","<a href='https://pubmed.ncbi.nlm.nih.gov/39004549'>Trends in molecular medicine</a>","Trends Mol Med","31","eng","7-10","11717640","39004549","2025 Jan","Circadian phase instability in bipolar disorder: a neglected essence.","<a href='https://pubmed.ncbi.nlm.nih.gov/?Db=pubmed&DbFrom=pubmed&Cmd=Link&LinkName=pubmed_pubmed&IdsFromResult=39004549&ordinalpos=1&itool=EntrezSystem2.PEntrez.Pubmed.Pubmed_ResultsPanel.Pubmed_DiscoveryPanel.Pubmed_Discovery_RA&log$=relatedarticles&logdbfrom=pubmed'>Related, PubMed</a>","<a href='https://scholar.google.com/scholar?q=related:https://pmc.ncbi.nlm.nih.gov/articles/PMC11717640/'>Related, Google Scholar</a>","<a href='https://pubmed.ncbi.nlm.nih.gov/?linkname=pubmed_pubmed_citedin&from_uid=39004549'>Cited By, PMID</a>","<a href='https://scholar.google.com/scholar?hl=en&lr=&cites=https://pmc.ncbi.nlm.nih.gov/articles/PMC11717640/'>Cited By, Google</a>"," ",
"R01MH116026","Department of Psychological and Brain Sciences, Dartmouth College, Hanover, NH, United States.","2025","Dehghani, Amin; Bango, Carmen; Murphy, Ethan K; Halter, Ryan J; Wager, Tor D","United States","1872-6623","1","<a href='https://pubmed.ncbi.nlm.nih.gov/39167466'>Pain</a>","Pain","166","eng","87-98","11649493","39167466","2025 Jan 01","Independent effects of transcranial direct current stimulation and social influence on pain.","<a href='https://pubmed.ncbi.nlm.nih.gov/?Db=pubmed&DbFrom=pubmed&Cmd=Link&LinkName=pubmed_pubmed&IdsFromResult=39167466&ordinalpos=1&itool=EntrezSystem2.PEntrez.Pubmed.Pubmed_ResultsPanel.Pubmed_DiscoveryPanel.Pubmed_Discovery_RA&log$=relatedarticles&logdbfrom=pubmed'>Related, PubMed</a>","<a href='https://scholar.google.com/scholar?q=related:https://pmc.ncbi.nlm.nih.gov/articles/PMC11649493/'>Related, Google Scholar</a>","<a href='https://pubmed.ncbi.nlm.nih.gov/?linkname=pubmed_pubmed_citedin&from_uid=39167466'>Cited By, PMID</a>","<a href='https://scholar.google.com/scholar?hl=en&lr=&cites=https://pmc.ncbi.nlm.nih.gov/articles/PMC11649493/'>Cited By, Google</a>"," ",
"R01MH120601","Division of General Internal Medicine, Albert Einstein College of Medicine/Montefiore Medical Center, Bronx, NY, USA.","2025","Hayes, Benjamin T; Sanchez Fat, Guillermo; Torres-Lockhart, Kristine; Khalid, Laila; Minami, Haruka; Ghiroli, Megan; Hribar, Mary Beth; Pacifico, Jessica; Bao, Yuhua; Rodgers, Caryn R R; Gabbay, Vilma; Starrels, Joanna; Fox, Aaron D","United States","2976-7350","1","<a href='https://pubmed.ncbi.nlm.nih.gov/39068540'>Substance use & addiction journal</a>","Subst Use Addctn J","46","eng","184-191","11652261","39068540","2025 Jan","<a href='https://www.ncbi.nlm.nih.gov/pmc/articles/11652261'>Low-Dose Buprenorphine Initiation for Hospitalized Patients With Chronic Pain and Opioid Use Disorder or Opioid Misuse: Protocol for an Open-Label, Parallel-Group, Effectiveness-Implementation Randomized Controlled Trial.</a>","<a href='https://pubmed.ncbi.nlm.nih.gov/?Db=pubmed&DbFrom=pubmed&Cmd=Link&LinkName=pubmed_pubmed&IdsFromResult=39068540&ordinalpos=1&itool=EntrezSystem2.PEntrez.Pubmed.Pubmed_ResultsPanel.Pubmed_DiscoveryPanel.Pubmed_Discovery_RA&log$=relatedarticles&logdbfrom=pubmed'>Related, PubMed</a>","<a href='https://scholar.google.com/scholar?q=related:https://pmc.ncbi.nlm.nih.gov/articles/PMC11652261/'>Related, Google Scholar</a>","<a href='https://pubmed.ncbi.nlm.nih.gov/?linkname=pubmed_pubmed_citedin&from_uid=39068540'>Cited By, PMID</a>","<a href='https://scholar.google.com/scholar?hl=en&lr=&cites=https://pmc.ncbi.nlm.nih.gov/articles/PMC11652261/'>Cited By, Google</a>"," ",
"R01MH113883","Division of Biology & Biomedical Sciences, Neurosciences Program, Washington University in Saint Louis, St Louis, MO; Department of Psychiatry, Washington University in Saint Louis, St Louis, MO. Electronic address: leverett.s@wustl.edu.","2025","Leverett, Shelby D; Brady, Rebecca G; Tooley, Ursula A; Lean, Rachel E; Tillman, Rebecca; Wilson, Jillian; Ruscitti, Michayla; Triplett, Regina L; Alexopoulos, Dimitrios; Gerstein, Emily D; Smyser, Tara A; Warner, Barbara; Luby, Joan L; Smyser, Christopher D; Rogers, Cynthia E; Barch, Deanna M","United States","1097-6833"," ","<a href='https://pubmed.ncbi.nlm.nih.gov/39233119'>The Journal of pediatrics</a>","J Pediatr","276","eng","114289"," ","39233119","2025 Jan","Associations between Parenting and Cognitive and Language Abilities at 2 Years of Age Depend on Prenatal Exposure to Disadvantage.","<a href='https://pubmed.ncbi.nlm.nih.gov/?Db=pubmed&DbFrom=pubmed&Cmd=Link&LinkName=pubmed_pubmed&IdsFromResult=39233119&ordinalpos=1&itool=EntrezSystem2.PEntrez.Pubmed.Pubmed_ResultsPanel.Pubmed_DiscoveryPanel.Pubmed_Discovery_RA&log$=relatedarticles&logdbfrom=pubmed'>Related, PubMed</a>","<a href='https://scholar.google.com/scholar?hl=en&q=Associations between Parenting and Cognitive and Language Abilities at 2 Years of Age Depend on Prenatal Exposure to Disadvantage.'>Related, Google Scholar</a>","<a href='https://pubmed.ncbi.nlm.nih.gov/?linkname=pubmed_pubmed_citedin&from_uid=39233119'>Cited By, PMID</a>"," "," ",
"K23MH119313","Department of Psychology (all authors) and Center on Aging (Jones), California State University, San Bernardino, San Bernardino.","2025","Valenzuela, Yenny; Luna, Kenya; Uribe-Kirby, Ruth; Pawlak, Alejandra; Pitman, Lauren; Cuellar-Rocha, Priscilla; Lucatero, Guadalupe Romero; Santos, Maria M; Jones, Jacob D","United States","1545-7222","1","<a href='https://pubmed.ncbi.nlm.nih.gov/39113494'>The Journal of neuropsychiatry and clinical neurosciences</a>","J Neuropsychiatry Clin Neurosci","37","eng","14-19"," ","39113494","2025","Cognitive Performance of Latino and White Non-Latino Individuals With Parkinson's Disease.","<a href='https://pubmed.ncbi.nlm.nih.gov/?Db=pubmed&DbFrom=pubmed&Cmd=Link&LinkName=pubmed_pubmed&IdsFromResult=39113494&ordinalpos=1&itool=EntrezSystem2.PEntrez.Pubmed.Pubmed_ResultsPanel.Pubmed_DiscoveryPanel.Pubmed_Discovery_RA&log$=relatedarticles&logdbfrom=pubmed'>Related, PubMed</a>","<a href='https://scholar.google.com/scholar?hl=en&q=Cognitive Performance of Latino and White Non-Latino Individuals With Parkinson's Disease.'>Related, Google Scholar</a>","<a href='https://pubmed.ncbi.nlm.nih.gov/?linkname=pubmed_pubmed_citedin&from_uid=39113494'>Cited By, PMID</a>"," "," ",
"R01MH135492","Division of Adolescent and Young Adult Medicine, Department of Pediatrics, University of California, San Francisco, San Francisco, CA, USA. Electronic address: iris.shaoyuefan@gmail.com.","2025","Shao, Iris Y; Al-Shoaibi, Abubakr A A; Ganson, Kyle T; Testa, Alexander; Kiss, Orsolya; He, Jinbo; Baker, Fiona C; Nagata, Jason M","England","1873-6327"," ","<a href='https://pubmed.ncbi.nlm.nih.gov/39276595'>Addictive behaviors</a>","Addict Behav","160","eng","108162","11610366","39276595","2025 Jan","From individual motivation to substance use initiation: A longitudinal cohort study assessing the associations between reward sensitivity and subsequent risk of substance use initiation among US adolescents.","<a href='https://pubmed.ncbi.nlm.nih.gov/?Db=pubmed&DbFrom=pubmed&Cmd=Link&LinkName=pubmed_pubmed&IdsFromResult=39276595&ordinalpos=1&itool=EntrezSystem2.PEntrez.Pubmed.Pubmed_ResultsPanel.Pubmed_DiscoveryPanel.Pubmed_Discovery_RA&log$=relatedarticles&logdbfrom=pubmed'>Related, PubMed</a>","<a href='https://scholar.google.com/scholar?q=related:https://pmc.ncbi.nlm.nih.gov/articles/PMC11610366/'>Related, Google Scholar</a>","<a href='https://pubmed.ncbi.nlm.nih.gov/?linkname=pubmed_pubmed_citedin&from_uid=39276595'>Cited By, PMID</a>","<a href='https://scholar.google.com/scholar?hl=en&lr=&cites=https://pmc.ncbi.nlm.nih.gov/articles/PMC11610366/'>Cited By, Google</a>"," ",
"T32MH093311","Department of Psychology, Florida State University.","2025","Robison, Morgan; Jeon, Min Eun; Udupa, Nikhila S; Potter, Miracle; Robertson, Lee; Joiner, Thomas","England","1532-7752","1","<a href='https://pubmed.ncbi.nlm.nih.gov/38940620'>Journal of personality assessment</a>","J Pers Assess","107","eng","41-57","11655253","38940620","2025","The Self-Dehumanization Scale: Three Studies on Its Development and Validation.","<a href='https://pubmed.ncbi.nlm.nih.gov/?Db=pubmed&DbFrom=pubmed&Cmd=Link&LinkName=pubmed_pubmed&IdsFromResult=38940620&ordinalpos=1&itool=EntrezSystem2.PEntrez.Pubmed.Pubmed_ResultsPanel.Pubmed_DiscoveryPanel.Pubmed_Discovery_RA&log$=relatedarticles&logdbfrom=pubmed'>Related, PubMed</a>","<a href='https://scholar.google.com/scholar?q=related:https://pmc.ncbi.nlm.nih.gov/articles/PMC11655253/'>Related, Google Scholar</a>","<a href='https://pubmed.ncbi.nlm.nih.gov/?linkname=pubmed_pubmed_citedin&from_uid=38940620'>Cited By, PMID</a>","<a href='https://scholar.google.com/scholar?hl=en&lr=&cites=https://pmc.ncbi.nlm.nih.gov/articles/PMC11655253/'>Cited By, Google</a>"," ",
"R01MH126468","Department of Child & Adolescent Psychiatry, NYU Langone Health, New York, New York, USA.","2025","Menu, Iris; Ji, Lanxin; Bhatia, Tanya; Duffy, Mark; Hendrix, Cassandra L; Thomason, Moriah E","United States","1467-8624","1","<a href='https://pubmed.ncbi.nlm.nih.gov/39136075'>Child development</a>","Child Dev","96","eng","36-54","11693488","39136075","2025","Beyond average outcomes: A latent profile analysis of diverse developmental trajectories in preterm and early term-born children from the Adolescent Brain Cognitive Development study.","<a href='https://pubmed.ncbi.nlm.nih.gov/?Db=pubmed&DbFrom=pubmed&Cmd=Link&LinkName=pubmed_pubmed&IdsFromResult=39136075&ordinalpos=1&itool=EntrezSystem2.PEntrez.Pubmed.Pubmed_ResultsPanel.Pubmed_DiscoveryPanel.Pubmed_Discovery_RA&log$=relatedarticles&logdbfrom=pubmed'>Related, PubMed</a>","<a href='https://scholar.google.com/scholar?q=related:https://pmc.ncbi.nlm.nih.gov/articles/PMC11693488/'>Related, Google Scholar</a>","<a href='https://pubmed.ncbi.nlm.nih.gov/?linkname=pubmed_pubmed_citedin&from_uid=39136075'>Cited By, PMID</a>","<a href='https://scholar.google.com/scholar?hl=en&lr=&cites=https://pmc.ncbi.nlm.nih.gov/articles/PMC11693488/'>Cited By, Google</a>"," ",
"R01MH122447","Department of Child & Adolescent Psychiatry, NYU Langone Health, New York, New York, USA.","2025","Menu, Iris; Ji, Lanxin; Bhatia, Tanya; Duffy, Mark; Hendrix, Cassandra L; Thomason, Moriah E","United States","1467-8624","1","<a href='https://pubmed.ncbi.nlm.nih.gov/39136075'>Child development</a>","Child Dev","96","eng","36-54","11693488","39136075","2025","Beyond average outcomes: A latent profile analysis of diverse developmental trajectories in preterm and early term-born children from the Adolescent Brain Cognitive Development study.","<a href='https://pubmed.ncbi.nlm.nih.gov/?Db=pubmed&DbFrom=pubmed&Cmd=Link&LinkName=pubmed_pubmed&IdsFromResult=39136075&ordinalpos=1&itool=EntrezSystem2.PEntrez.Pubmed.Pubmed_ResultsPanel.Pubmed_DiscoveryPanel.Pubmed_Discovery_RA&log$=relatedarticles&logdbfrom=pubmed'>Related, PubMed</a>","<a href='https://scholar.google.com/scholar?q=related:https://pmc.ncbi.nlm.nih.gov/articles/PMC11693488/'>Related, Google Scholar</a>","<a href='https://pubmed.ncbi.nlm.nih.gov/?linkname=pubmed_pubmed_citedin&from_uid=39136075'>Cited By, PMID</a>","<a href='https://scholar.google.com/scholar?hl=en&lr=&cites=https://pmc.ncbi.nlm.nih.gov/articles/PMC11693488/'>Cited By, Google</a>"," ",
"R33MH123574","Northwell Health, New Hyde Park, New York, USA.","2025","Carrión, Ricardo E; Auther, Andrea M; McLaughlin, Danielle; John, Majnu; Cornblatt, Barbara A","Australia","1751-7893","1","<a href='https://pubmed.ncbi.nlm.nih.gov/38951112'>Early intervention in psychiatry</a>","Early Interv Psychiatry","19","eng","e13587"," ","38951112","2025 Jan","Improving processing speed in adolescents at clinical high risk for psychosis with the Specific COgnitive REmediation plus Surround (SCORES) intervention: Study protocol.","<a href='https://pubmed.ncbi.nlm.nih.gov/?Db=pubmed&DbFrom=pubmed&Cmd=Link&LinkName=pubmed_pubmed&IdsFromResult=38951112&ordinalpos=1&itool=EntrezSystem2.PEntrez.Pubmed.Pubmed_ResultsPanel.Pubmed_DiscoveryPanel.Pubmed_Discovery_RA&log$=relatedarticles&logdbfrom=pubmed'>Related, PubMed</a>","<a href='https://scholar.google.com/scholar?hl=en&q=Improving processing speed in adolescents at clinical high risk for psychosis with the Specific COgnitive REmediation plus Surround (SCORES) intervention: Study protocol.'>Related, Google Scholar</a>","<a href='https://pubmed.ncbi.nlm.nih.gov/?linkname=pubmed_pubmed_citedin&from_uid=38951112'>Cited By, PMID</a>"," "," ",
"T32MH019960","Department of Psychology, Stony Brook University, Stony Brook, NY, USA. briana.last@stonybrook.edu.","2025","Last, Briana S; Kiefer, Madeline; Mirhashem, Rebecca; Adams, Danielle R","United States","1573-2789","1","<a href='https://pubmed.ncbi.nlm.nih.gov/39141222'>Community mental health journal</a>","Community Ment Health J","61","eng","122-129"," ","39141222","2025 Jan","Slipping Through the Cracks: Clinicians' Perspectives on the Gaps in New York City's Public Mental Health System.","<a href='https://pubmed.ncbi.nlm.nih.gov/?Db=pubmed&DbFrom=pubmed&Cmd=Link&LinkName=pubmed_pubmed&IdsFromResult=39141222&ordinalpos=1&itool=EntrezSystem2.PEntrez.Pubmed.Pubmed_ResultsPanel.Pubmed_DiscoveryPanel.Pubmed_Discovery_RA&log$=relatedarticles&logdbfrom=pubmed'>Related, PubMed</a>","<a href='https://scholar.google.com/scholar?hl=en&q=Slipping Through the Cracks: Clinicians' Perspectives on the Gaps in New York City's Public Mental Health System.'>Related, Google Scholar</a>","<a href='https://pubmed.ncbi.nlm.nih.gov/?linkname=pubmed_pubmed_citedin&from_uid=39141222'>Cited By, PMID</a>"," "," ",
"R01MH126676","School of Biosciences, University of Sheffield, Sheffield, UK. m.placzek@sheffield.ac.uk.","2025","Placzek, Marysia; Chinnaiya, Kavitha; Kim, Dong Won; Blackshaw, Seth","England","1759-5037","2","<a href='https://pubmed.ncbi.nlm.nih.gov/39313573'>Nature reviews. Endocrinology</a>","Nat Rev Endocrinol","21","eng","118-130"," ","39313573","2025 Feb","Control of tuberal hypothalamic development and its implications in metabolic disorders.","<a href='https://pubmed.ncbi.nlm.nih.gov/?Db=pubmed&DbFrom=pubmed&Cmd=Link&LinkName=pubmed_pubmed&IdsFromResult=39313573&ordinalpos=1&itool=EntrezSystem2.PEntrez.Pubmed.Pubmed_ResultsPanel.Pubmed_DiscoveryPanel.Pubmed_Discovery_RA&log$=relatedarticles&logdbfrom=pubmed'>Related, PubMed</a>","<a href='https://scholar.google.com/scholar?hl=en&q=Control of tuberal hypothalamic development and its implications in metabolic disorders.'>Related, Google Scholar</a>","<a href='https://pubmed.ncbi.nlm.nih.gov/?linkname=pubmed_pubmed_citedin&from_uid=39313573'>Cited By, PMID</a>"," "," ",
"R01MH120201","John A. Burns School of Medicine, University of Hawaii, Honolulu, Hawaii, USA.","2025","Niino, Kerri; Patapoff, Molly A; Mausbach, Brent T; Liu, Hui; Moore, Alison A; Han, Benjamin H; Palmer, Barton W; Jester, Dylan J","United States","1532-5415","1","<a href='https://pubmed.ncbi.nlm.nih.gov/39175111'>Journal of the American Geriatrics Society</a>","J Am Geriatr Soc","73","eng","253-265","11735283","39175111","2025 Jan","Development of loneliness and social isolation after spousal loss: A systematic review of longitudinal studies on widowhood.","<a href='https://pubmed.ncbi.nlm.nih.gov/?Db=pubmed&DbFrom=pubmed&Cmd=Link&LinkName=pubmed_pubmed&IdsFromResult=39175111&ordinalpos=1&itool=EntrezSystem2.PEntrez.Pubmed.Pubmed_ResultsPanel.Pubmed_DiscoveryPanel.Pubmed_Discovery_RA&log$=relatedarticles&logdbfrom=pubmed'>Related, PubMed</a>","<a href='https://scholar.google.com/scholar?q=related:https://pmc.ncbi.nlm.nih.gov/articles/PMC11735283/'>Related, Google Scholar</a>","<a href='https://pubmed.ncbi.nlm.nih.gov/?linkname=pubmed_pubmed_citedin&from_uid=39175111'>Cited By, PMID</a>","<a href='https://scholar.google.com/scholar?hl=en&lr=&cites=https://pmc.ncbi.nlm.nih.gov/articles/PMC11735283/'>Cited By, Google</a>"," ",
"U01MH119741","Department of Psychiatry, The Hospital for Sick Children, Toronto, ON, Canada. Jacob.vorstman@sickkids.ca.","2025","Vorstman, Jacob; Sebat, Jonathan; Bourque, Vincent-Raphaël; Jacquemont, Sébastien","England","1476-5578","1","<a href='https://pubmed.ncbi.nlm.nih.gov/39215185'>Molecular psychiatry</a>","Mol Psychiatry","30","eng","229-236"," ","39215185","2025 Jan","Integrative genetic analysis: cornerstone of precision psychiatry.","<a href='https://pubmed.ncbi.nlm.nih.gov/?Db=pubmed&DbFrom=pubmed&Cmd=Link&LinkName=pubmed_pubmed&IdsFromResult=39215185&ordinalpos=1&itool=EntrezSystem2.PEntrez.Pubmed.Pubmed_ResultsPanel.Pubmed_DiscoveryPanel.Pubmed_Discovery_RA&log$=relatedarticles&logdbfrom=pubmed'>Related, PubMed</a>","<a href='https://scholar.google.com/scholar?hl=en&q=Integrative genetic analysis: cornerstone of precision psychiatry.'>Related, Google Scholar</a>","<a href='https://pubmed.ncbi.nlm.nih.gov/?linkname=pubmed_pubmed_citedin&from_uid=39215185'>Cited By, PMID</a>"," "," ",
"R01MH129285","Department of Health Behavior and Health Equity, University of Michigan School of Public Health, 1415 Washington Heights, Ann Arbor, MI, 48109-2029, USA. kgamarel@umich.edu.","2025","Gamarel, Kristi E; Stein, Ellen S; Correll-King, Wesley M; McCree, Breonna; Johnson, Jack; Pollack, Lance M; Neilands, Torsten B; Johnson, Mallory O; Operario, Don; Sevelius, Jae M","United States","1573-3254","1","<a href='https://pubmed.ncbi.nlm.nih.gov/39222184'>AIDS and behavior</a>","AIDS Behav","29","eng","37-44"," ","39222184","2025 Jan","A Cautionary Tale: Digital Clinical Trial Implementation of a Couples-Based HIV Prevention Study among Transgender Women and Their Partners in the United States.","<a href='https://pubmed.ncbi.nlm.nih.gov/?Db=pubmed&DbFrom=pubmed&Cmd=Link&LinkName=pubmed_pubmed&IdsFromResult=39222184&ordinalpos=1&itool=EntrezSystem2.PEntrez.Pubmed.Pubmed_ResultsPanel.Pubmed_DiscoveryPanel.Pubmed_Discovery_RA&log$=relatedarticles&logdbfrom=pubmed'>Related, PubMed</a>","<a href='https://scholar.google.com/scholar?hl=en&q=A Cautionary Tale: Digital Clinical Trial Implementation of a Couples-Based HIV Prevention Study among Transgender Women and Their Partners in the United States.'>Related, Google Scholar</a>","<a href='https://pubmed.ncbi.nlm.nih.gov/?linkname=pubmed_pubmed_citedin&from_uid=39222184'>Cited By, PMID</a>"," "," ",
"R01MH115765","Department of Health Behavior and Health Equity, University of Michigan School of Public Health, 1415 Washington Heights, Ann Arbor, MI, 48109-2029, USA. kgamarel@umich.edu.","2025","Gamarel, Kristi E; Stein, Ellen S; Correll-King, Wesley M; McCree, Breonna; Johnson, Jack; Pollack, Lance M; Neilands, Torsten B; Johnson, Mallory O; Operario, Don; Sevelius, Jae M","United States","1573-3254","1","<a href='https://pubmed.ncbi.nlm.nih.gov/39222184'>AIDS and behavior</a>","AIDS Behav","29","eng","37-44"," ","39222184","2025 Jan","A Cautionary Tale: Digital Clinical Trial Implementation of a Couples-Based HIV Prevention Study among Transgender Women and Their Partners in the United States.","<a href='https://pubmed.ncbi.nlm.nih.gov/?Db=pubmed&DbFrom=pubmed&Cmd=Link&LinkName=pubmed_pubmed&IdsFromResult=39222184&ordinalpos=1&itool=EntrezSystem2.PEntrez.Pubmed.Pubmed_ResultsPanel.Pubmed_DiscoveryPanel.Pubmed_Discovery_RA&log$=relatedarticles&logdbfrom=pubmed'>Related, PubMed</a>","<a href='https://scholar.google.com/scholar?hl=en&q=A Cautionary Tale: Digital Clinical Trial Implementation of a Couples-Based HIV Prevention Study among Transgender Women and Their Partners in the United States.'>Related, Google Scholar</a>","<a href='https://pubmed.ncbi.nlm.nih.gov/?linkname=pubmed_pubmed_citedin&from_uid=39222184'>Cited By, PMID</a>"," "," ",
"U01MH125047","Department of Psychiatry, School of Medicine, College of Health Sciences, Addis Ababa University, Addis Ababa, Ethiopia.","2025","Yared, Mahlet; Kim, Hannah H; Ametaj, Amantia; Alemayehu, Melkam; Stevenson, Anne; Milkias, Barkot; Girma, Engida; Gelaye, Bizu; Teferra, Solomon","Australia","1751-7893","1","<a href='https://pubmed.ncbi.nlm.nih.gov/39223760'>Early intervention in psychiatry</a>","Early Interv Psychiatry","19","eng","e13609","11729251","39223760","2025 Jan","<a href='https://www.ncbi.nlm.nih.gov/pmc/articles/11729251'>An Item Response Theory Analysis of the Psychosis Screening Questionnaire in Ethiopia.</a>","<a href='https://pubmed.ncbi.nlm.nih.gov/?Db=pubmed&DbFrom=pubmed&Cmd=Link&LinkName=pubmed_pubmed&IdsFromResult=39223760&ordinalpos=1&itool=EntrezSystem2.PEntrez.Pubmed.Pubmed_ResultsPanel.Pubmed_DiscoveryPanel.Pubmed_Discovery_RA&log$=relatedarticles&logdbfrom=pubmed'>Related, PubMed</a>","<a href='https://scholar.google.com/scholar?q=related:https://pmc.ncbi.nlm.nih.gov/articles/PMC11729251/'>Related, Google Scholar</a>","<a href='https://pubmed.ncbi.nlm.nih.gov/?linkname=pubmed_pubmed_citedin&from_uid=39223760'>Cited By, PMID</a>","<a href='https://scholar.google.com/scholar?hl=en&lr=&cites=https://pmc.ncbi.nlm.nih.gov/articles/PMC11729251/'>Cited By, Google</a>"," ",
"R01MH120642","Department of Psychiatry, School of Medicine, College of Health Sciences, Addis Ababa University, Addis Ababa, Ethiopia.","2025","Yared, Mahlet; Kim, Hannah H; Ametaj, Amantia; Alemayehu, Melkam; Stevenson, Anne; Milkias, Barkot; Girma, Engida; Gelaye, Bizu; Teferra, Solomon","Australia","1751-7893","1","<a href='https://pubmed.ncbi.nlm.nih.gov/39223760'>Early intervention in psychiatry</a>","Early Interv Psychiatry","19","eng","e13609","11729251","39223760","2025 Jan","<a href='https://www.ncbi.nlm.nih.gov/pmc/articles/11729251'>An Item Response Theory Analysis of the Psychosis Screening Questionnaire in Ethiopia.</a>","<a href='https://pubmed.ncbi.nlm.nih.gov/?Db=pubmed&DbFrom=pubmed&Cmd=Link&LinkName=pubmed_pubmed&IdsFromResult=39223760&ordinalpos=1&itool=EntrezSystem2.PEntrez.Pubmed.Pubmed_ResultsPanel.Pubmed_DiscoveryPanel.Pubmed_Discovery_RA&log$=relatedarticles&logdbfrom=pubmed'>Related, PubMed</a>","<a href='https://scholar.google.com/scholar?q=related:https://pmc.ncbi.nlm.nih.gov/articles/PMC11729251/'>Related, Google Scholar</a>","<a href='https://pubmed.ncbi.nlm.nih.gov/?linkname=pubmed_pubmed_citedin&from_uid=39223760'>Cited By, PMID</a>","<a href='https://scholar.google.com/scholar?hl=en&lr=&cites=https://pmc.ncbi.nlm.nih.gov/articles/PMC11729251/'>Cited By, Google</a>"," ",
"R01MH131649","Department of Public Health Policy and Management (Mauri, Purtle), Department of Epidemiology (Rouhani), and Center for Anti-Racism, Social Justice and Public Health (Rouhani), New York University School of Global Public Health, New York City.","2025","Mauri, Amanda I; Rouhani, Saba; Purtle, Jonathan","United States","1557-9700","1","<a href='https://pubmed.ncbi.nlm.nih.gov/39139044'>Psychiatric services (Washington, D.C.)</a>","Psychiatr Serv","76","eng","13-21"," ","39139044","2025 Jan 01","Characterizing Crisis Services Offered by Certified Community Behavioral Health Clinics: Results From a National Survey.","<a href='https://pubmed.ncbi.nlm.nih.gov/?Db=pubmed&DbFrom=pubmed&Cmd=Link&LinkName=pubmed_pubmed&IdsFromResult=39139044&ordinalpos=1&itool=EntrezSystem2.PEntrez.Pubmed.Pubmed_ResultsPanel.Pubmed_DiscoveryPanel.Pubmed_Discovery_RA&log$=relatedarticles&logdbfrom=pubmed'>Related, PubMed</a>","<a href='https://scholar.google.com/scholar?hl=en&q=Characterizing Crisis Services Offered by Certified Community Behavioral Health Clinics: Results From a National Survey.'>Related, Google Scholar</a>","<a href='https://pubmed.ncbi.nlm.nih.gov/?linkname=pubmed_pubmed_citedin&from_uid=39139044'>Cited By, PMID</a>"," "," ",
"R01MH125103","Department of Microbiology and Immunology, University of Rochester School of Medicine and Dentistry, Rochester, NY, USA; Department of Pediatrics, University of Rochester School of Medicine and Dentistry, Rochester, NY, USA.","2025","Scheible, Kristin; Beblavy, Robert; Sohn, Michael B; Qui, Xing; Gill, Ann L; Narvaez-Miranda, Janiret; Brunner, Jessica; Miller, Richard K; Barrett, Emily S; O'Connor, Thomas G; Gill, Steven R","Netherlands","1573-2517"," ","<a href='https://pubmed.ncbi.nlm.nih.gov/39293607'>Journal of affective disorders</a>","J Affect Disord","368","eng","410-419","11560476","39293607","2025 Jan 01","Affective symptoms in pregnancy are associated with the vaginal microbiome.","<a href='https://pubmed.ncbi.nlm.nih.gov/?Db=pubmed&DbFrom=pubmed&Cmd=Link&LinkName=pubmed_pubmed&IdsFromResult=39293607&ordinalpos=1&itool=EntrezSystem2.PEntrez.Pubmed.Pubmed_ResultsPanel.Pubmed_DiscoveryPanel.Pubmed_Discovery_RA&log$=relatedarticles&logdbfrom=pubmed'>Related, PubMed</a>","<a href='https://scholar.google.com/scholar?q=related:https://pmc.ncbi.nlm.nih.gov/articles/PMC11560476/'>Related, Google Scholar</a>","<a href='https://pubmed.ncbi.nlm.nih.gov/?linkname=pubmed_pubmed_citedin&from_uid=39293607'>Cited By, PMID</a>","<a href='https://scholar.google.com/scholar?hl=en&lr=&cites=https://pmc.ncbi.nlm.nih.gov/articles/PMC11560476/'>Cited By, Google</a>"," ",
"T32MH019927","Department of Psychiatry and Human Behavior, Alpert Medical School of Brown University, Providence, RI, USA. jessica_peters@brown.edu.","2025","Peters, Jessica R; Schmalenberger, Katja M; Eng, Ashley G; Stumper, Allison; Martel, Michelle M; Eisenlohr-Moul, Tory A","England","1476-5578","1","<a href='https://pubmed.ncbi.nlm.nih.gov/39143323'>Molecular psychiatry</a>","Mol Psychiatry","30","eng","251-262"," ","39143323","2025 Jan","Dimensional Affective Sensitivity to Hormones across the Menstrual Cycle (DASH-MC): A transdiagnostic framework for ovarian steroid influences on psychopathology.","<a href='https://pubmed.ncbi.nlm.nih.gov/?Db=pubmed&DbFrom=pubmed&Cmd=Link&LinkName=pubmed_pubmed&IdsFromResult=39143323&ordinalpos=1&itool=EntrezSystem2.PEntrez.Pubmed.Pubmed_ResultsPanel.Pubmed_DiscoveryPanel.Pubmed_Discovery_RA&log$=relatedarticles&logdbfrom=pubmed'>Related, PubMed</a>","<a href='https://scholar.google.com/scholar?hl=en&q=Dimensional Affective Sensitivity to Hormones across the Menstrual Cycle (DASH-MC): A transdiagnostic framework for ovarian steroid influences on psychopathology.'>Related, Google Scholar</a>","<a href='https://pubmed.ncbi.nlm.nih.gov/?linkname=pubmed_pubmed_citedin&from_uid=39143323'>Cited By, PMID</a>"," "," ",
"T32MH082761","Department of Psychiatry and Behavioral Neuroscience, University of Chicago, Chicago, IL, USA.","2025","Dougherty, Elizabeth N; Bottera, Angeline R; Murray, Matthew F; Ekwonu, Adaora; Wildes, Jennifer E; Haedt-Matt, Alissa A","England","1099-0968","1","<a href='https://pubmed.ncbi.nlm.nih.gov/38995266'>European eating disorders review : the journal of the Eating Disorders Association</a>","Eur Eat Disord Rev","33","eng","10-19","11617803","38995266","2025 Jan","<a href='https://www.ncbi.nlm.nih.gov/pmc/articles/11617803'>Habitual behavioural control moderates the relation between daily perceived stress and purging.</a>","<a href='https://pubmed.ncbi.nlm.nih.gov/?Db=pubmed&DbFrom=pubmed&Cmd=Link&LinkName=pubmed_pubmed&IdsFromResult=38995266&ordinalpos=1&itool=EntrezSystem2.PEntrez.Pubmed.Pubmed_ResultsPanel.Pubmed_DiscoveryPanel.Pubmed_Discovery_RA&log$=relatedarticles&logdbfrom=pubmed'>Related, PubMed</a>","<a href='https://scholar.google.com/scholar?q=related:https://pmc.ncbi.nlm.nih.gov/articles/PMC11617803/'>Related, Google Scholar</a>","<a href='https://pubmed.ncbi.nlm.nih.gov/?linkname=pubmed_pubmed_citedin&from_uid=38995266'>Cited By, PMID</a>","<a href='https://scholar.google.com/scholar?hl=en&lr=&cites=https://pmc.ncbi.nlm.nih.gov/articles/PMC11617803/'>Cited By, Google</a>"," ",
"R01MH092931","School of Chemical Biology and Biotechnology, Peking University Shenzhen Graduate School, Shenzhen, 518055, China.","2025","Qin, Liming; Liu, Zhili; Guo, Sile; Han, Ying; Wang, Xiankun; Ren, Wen; Chen, Jiewen; Zhen, Hefu; Nie, Chao; Xing, Ke-Ke; Chen, Tao; Südhof, Thomas C; Sun, Yuzhe; Zhang, Bo","England","1476-5578","1","<a href='https://pubmed.ncbi.nlm.nih.gov/39003414'>Molecular psychiatry</a>","Mol Psychiatry","30","eng","84-96","11649564","39003414","2025 Jan","<a href='https://www.ncbi.nlm.nih.gov/pmc/articles/11649564'>Astrocytic Neuroligin-3 influences gene expression and social behavior, but is dispensable for synapse number.</a>","<a href='https://pubmed.ncbi.nlm.nih.gov/?Db=pubmed&DbFrom=pubmed&Cmd=Link&LinkName=pubmed_pubmed&IdsFromResult=39003414&ordinalpos=1&itool=EntrezSystem2.PEntrez.Pubmed.Pubmed_ResultsPanel.Pubmed_DiscoveryPanel.Pubmed_Discovery_RA&log$=relatedarticles&logdbfrom=pubmed'>Related, PubMed</a>","<a href='https://scholar.google.com/scholar?q=related:https://pmc.ncbi.nlm.nih.gov/articles/PMC11649564/'>Related, Google Scholar</a>","<a href='https://pubmed.ncbi.nlm.nih.gov/?linkname=pubmed_pubmed_citedin&from_uid=39003414'>Cited By, PMID</a>","<a href='https://scholar.google.com/scholar?hl=en&lr=&cites=https://pmc.ncbi.nlm.nih.gov/articles/PMC11649564/'>Cited By, Google</a>"," ",
"R21MH135201","Athinoula A. Martinos Center for Biomedical Imaging, Department of Radiology, Massachusetts General Hospital, Harvard Medical School, Charlestown, Massachusetts, USA.","2025","Zürcher, Nicole R; Chen, Jingyuan E; Wey, Hsiao-Ying","United States","1522-2586","2","<a href='https://pubmed.ncbi.nlm.nih.gov/38838352'>Journal of magnetic resonance imaging : JMRI</a>","J Magn Reson Imaging","61","eng","568-578","11617601","38838352","2025 Feb","PET-MRI Applications and Future Prospects in Psychiatry.","<a href='https://pubmed.ncbi.nlm.nih.gov/?Db=pubmed&DbFrom=pubmed&Cmd=Link&LinkName=pubmed_pubmed&IdsFromResult=38838352&ordinalpos=1&itool=EntrezSystem2.PEntrez.Pubmed.Pubmed_ResultsPanel.Pubmed_DiscoveryPanel.Pubmed_Discovery_RA&log$=relatedarticles&logdbfrom=pubmed'>Related, PubMed</a>","<a href='https://scholar.google.com/scholar?q=related:https://pmc.ncbi.nlm.nih.gov/articles/PMC11617601/'>Related, Google Scholar</a>","<a href='https://pubmed.ncbi.nlm.nih.gov/?linkname=pubmed_pubmed_citedin&from_uid=38838352'>Cited By, PMID</a>","<a href='https://scholar.google.com/scholar?hl=en&lr=&cites=https://pmc.ncbi.nlm.nih.gov/articles/PMC11617601/'>Cited By, Google</a>"," ",
"K23MH129826","Department of Psychiatry and Biobehavioral Sciences, Semel Institute for Neuroscience and Human Behavior, University of California, Los Angeles, Los Angeles, California.","2025","Schleifer, Charles H; Chang, Sarah E; Amir, Carolyn M; O'Hora, Kathleen P; Fung, Hoki; Kang, Jee Won D; Kushan-Wells, Leila; Daly, Eileen; Di Fabio, Fabio; Frascarelli, Marianna; Gudbrandsen, Maria; Kates, Wendy R; Murphy, Declan; Addington, Jean; Anticevic, Alan; Cadenhead, Kristin S; Cannon, Tyrone D; Cornblatt, Barbara A; Keshavan, Matcheri; Mathalon, Daniel H; Perkins, Diana O; Stone, William S; Walker, Elaine; Woods, Scott W; Uddin, Lucina Q; Kumar, Kuldeep; Hoftman, Gil D; Bearden, Carrie E","United States","1873-2402","2","<a href='https://pubmed.ncbi.nlm.nih.gov/39181389'>Biological psychiatry</a>","Biol Psychiatry","97","eng","178-187"," ","39181389","2025 Jan 15","Unique Functional Neuroimaging Signatures of Genetic Versus Clinical High Risk for Psychosis.","<a href='https://pubmed.ncbi.nlm.nih.gov/?Db=pubmed&DbFrom=pubmed&Cmd=Link&LinkName=pubmed_pubmed&IdsFromResult=39181389&ordinalpos=1&itool=EntrezSystem2.PEntrez.Pubmed.Pubmed_ResultsPanel.Pubmed_DiscoveryPanel.Pubmed_Discovery_RA&log$=relatedarticles&logdbfrom=pubmed'>Related, PubMed</a>","<a href='https://scholar.google.com/scholar?hl=en&q=Unique Functional Neuroimaging Signatures of Genetic Versus Clinical High Risk for Psychosis.'>Related, Google Scholar</a>","<a href='https://pubmed.ncbi.nlm.nih.gov/?linkname=pubmed_pubmed_citedin&from_uid=39181389'>Cited By, PMID</a>"," "," ",
"R01MH116170","Department of Psychiatry and Behavioral Sciences, Vanderbilt University Medical Center, Nashville, Tennessee. Electronic address: heather.b.ward@vumc.org.","2025","Ward, Heather Burrell; Beermann, Adam; Xie, Jing; Yildiz, Gulcan; Felix, Karlos Manzanarez; Addington, Jean; Bearden, Carrie E; Cadenhead, Kristin; Cannon, Tyrone D; Cornblatt, Barbara; Keshavan, Matcheri; Mathalon, Daniel; Perkins, Diana O; Seidman, Larry; Stone, William S; Tsuang, Ming T; Walker, Elaine F; Woods, Scott; Coleman, Michael J; Bouix, Sylvain; Holt, Daphne J; Öngür, Dost; Breier, Alan; Shenton, Martha E; Heckers, Stephan; Halko, Mark A; Lewandowski, Kathryn E; Brady Jr, Roscoe O","United States","1873-2402","2","<a href='https://pubmed.ncbi.nlm.nih.gov/39032726'>Biological psychiatry</a>","Biol Psychiatry","97","eng","139-147","11634655","39032726","2025 Jan 15","<a href='https://www.ncbi.nlm.nih.gov/pmc/articles/11634655'>Robust Brain Correlates of Cognitive Performance in Psychosis and Its Prodrome.</a>","<a href='https://pubmed.ncbi.nlm.nih.gov/?Db=pubmed&DbFrom=pubmed&Cmd=Link&LinkName=pubmed_pubmed&IdsFromResult=39032726&ordinalpos=1&itool=EntrezSystem2.PEntrez.Pubmed.Pubmed_ResultsPanel.Pubmed_DiscoveryPanel.Pubmed_Discovery_RA&log$=relatedarticles&logdbfrom=pubmed'>Related, PubMed</a>","<a href='https://scholar.google.com/scholar?q=related:https://pmc.ncbi.nlm.nih.gov/articles/PMC11634655/'>Related, Google Scholar</a>","<a href='https://pubmed.ncbi.nlm.nih.gov/?linkname=pubmed_pubmed_citedin&from_uid=39032726'>Cited By, PMID</a>","<a href='https://scholar.google.com/scholar?hl=en&lr=&cites=https://pmc.ncbi.nlm.nih.gov/articles/PMC11634655/'>Cited By, Google</a>"," ",
"R01MH123691","Laureate Institute for Brain Research, Tulsa, OK, USA. Electronic address: xren@laureateinstitute.org.","2025","Ren, Xi; Mann, Eric; Wilhelm, Ricardo A; Stewart, Jennifer L; Kuplicki, Rayus; Edwards, Landon S; Guinjoan, Salvador M; Park, Heekyeong; Aupperle, Robin L; Victor, Teresa A; Paulus, Martin P; White, Evan J; Tsuchiyagaito, Aki","Netherlands","1573-2517"," ","<a href='https://pubmed.ncbi.nlm.nih.gov/39326584'>Journal of affective disorders</a>","J Affect Disord","369","eng","27-34","11608152","39326584","2025 Jan 15","The burden of brooding on neural error processing: The role of repetitive negative thinking in major depressive disorder with and without comorbid anxiety disorders.","<a href='https://pubmed.ncbi.nlm.nih.gov/?Db=pubmed&DbFrom=pubmed&Cmd=Link&LinkName=pubmed_pubmed&IdsFromResult=39326584&ordinalpos=1&itool=EntrezSystem2.PEntrez.Pubmed.Pubmed_ResultsPanel.Pubmed_DiscoveryPanel.Pubmed_Discovery_RA&log$=relatedarticles&logdbfrom=pubmed'>Related, PubMed</a>","<a href='https://scholar.google.com/scholar?q=related:https://pmc.ncbi.nlm.nih.gov/articles/PMC11608152/'>Related, Google Scholar</a>","<a href='https://pubmed.ncbi.nlm.nih.gov/?linkname=pubmed_pubmed_citedin&from_uid=39326584'>Cited By, PMID</a>","<a href='https://scholar.google.com/scholar?hl=en&lr=&cites=https://pmc.ncbi.nlm.nih.gov/articles/PMC11608152/'>Cited By, Google</a>"," ",
"F32MH129076","Division of Physical Therapy, Department of Rehabilitation Medicine, Emory University, Atlanta, GA, USA.","2025","Palmer, Jacqueline A; Payne, Aiden M; Mirdamadi, Jasmine L; Ting, Lena H; Borich, Michael R","United States","1552-6844","1","<a href='https://pubmed.ncbi.nlm.nih.gov/39328051'>Neurorehabilitation and neural repair</a>","Neurorehabil Neural Repair","39","eng","16-30","11723813","39328051","2025 Jan","<a href='https://www.ncbi.nlm.nih.gov/pmc/articles/11723813'>Delayed Cortical Responses During Reactive Balance After Stroke Associated With Slower Kinetics and Clinical Balance Dysfunction.</a>","<a href='https://pubmed.ncbi.nlm.nih.gov/?Db=pubmed&DbFrom=pubmed&Cmd=Link&LinkName=pubmed_pubmed&IdsFromResult=39328051&ordinalpos=1&itool=EntrezSystem2.PEntrez.Pubmed.Pubmed_ResultsPanel.Pubmed_DiscoveryPanel.Pubmed_Discovery_RA&log$=relatedarticles&logdbfrom=pubmed'>Related, PubMed</a>","<a href='https://scholar.google.com/scholar?q=related:https://pmc.ncbi.nlm.nih.gov/articles/PMC11723813/'>Related, Google Scholar</a>","<a href='https://pubmed.ncbi.nlm.nih.gov/?linkname=pubmed_pubmed_citedin&from_uid=39328051'>Cited By, PMID</a>","<a href='https://scholar.google.com/scholar?hl=en&lr=&cites=https://pmc.ncbi.nlm.nih.gov/articles/PMC11723813/'>Cited By, Google</a>"," ",
"R01MH078829","Boston Children's Hospital (Division of Developmental Medicine), Harvard Medical School (Department of Pediatrics), Boston, Massachusetts, USA.","2025","Valdes, Viviane; Craighead, Linda W; Nelson 3rd, Charles A; Bosquet Enlow, Michelle","United States","1532-7078","1","<a href='https://pubmed.ncbi.nlm.nih.gov/39340803'>Infancy : the official journal of the International Society on Infant Studies</a>","Infancy","30","eng","e12628","11652232","39340803","2025","Longitudinal interactions between maternal depression symptoms and familial stressful life events on child anxiety symptoms at 5 years of age.","<a href='https://pubmed.ncbi.nlm.nih.gov/?Db=pubmed&DbFrom=pubmed&Cmd=Link&LinkName=pubmed_pubmed&IdsFromResult=39340803&ordinalpos=1&itool=EntrezSystem2.PEntrez.Pubmed.Pubmed_ResultsPanel.Pubmed_DiscoveryPanel.Pubmed_Discovery_RA&log$=relatedarticles&logdbfrom=pubmed'>Related, PubMed</a>","<a href='https://scholar.google.com/scholar?q=related:https://pmc.ncbi.nlm.nih.gov/articles/PMC11652232/'>Related, Google Scholar</a>","<a href='https://pubmed.ncbi.nlm.nih.gov/?linkname=pubmed_pubmed_citedin&from_uid=39340803'>Cited By, PMID</a>","<a href='https://scholar.google.com/scholar?hl=en&lr=&cites=https://pmc.ncbi.nlm.nih.gov/articles/PMC11652232/'>Cited By, Google</a>"," ",
"R01MH115128","Department of Psychology, Pennsylvania State University.","2025","Soto, José A; Albrecht Soto, Sara L; Perez, Christopher R; Posada Rodríguez, Camilo; Newman, Michelle G","United States","1931-1516","1","<a href='https://pubmed.ncbi.nlm.nih.gov/39347746'>Emotion (Washington, D.C.)</a>","Emotion","25","eng","247-258","11729464","39347746","2025 Feb","Examining the effectiveness of positive reappraisal in the context of discrimination.","<a href='https://pubmed.ncbi.nlm.nih.gov/?Db=pubmed&DbFrom=pubmed&Cmd=Link&LinkName=pubmed_pubmed&IdsFromResult=39347746&ordinalpos=1&itool=EntrezSystem2.PEntrez.Pubmed.Pubmed_ResultsPanel.Pubmed_DiscoveryPanel.Pubmed_Discovery_RA&log$=relatedarticles&logdbfrom=pubmed'>Related, PubMed</a>","<a href='https://scholar.google.com/scholar?q=related:https://pmc.ncbi.nlm.nih.gov/articles/PMC11729464/'>Related, Google Scholar</a>","<a href='https://pubmed.ncbi.nlm.nih.gov/?linkname=pubmed_pubmed_citedin&from_uid=39347746'>Cited By, PMID</a>","<a href='https://scholar.google.com/scholar?hl=en&lr=&cites=https://pmc.ncbi.nlm.nih.gov/articles/PMC11729464/'>Cited By, Google</a>"," ",
"P30MH123248","University of Washington, Department of Global Health, Seattle, WA, USA.","2025","Halliday, Scott; Dombrowski, Julia C; Emerson, Ramona; Beima-Sofie, Kristin; Chwastiak, Lydia A; Sherr, Kenneth; Tsui, Judith I; Wagenaar, Bradley H; Rao, Deepa","England","1360-0451","1","<a href='https://pubmed.ncbi.nlm.nih.gov/39531512'>AIDS care</a>","AIDS Care","37","eng","74-87","11682922","39531512","2025 Jan","Formative qualitative research to guide implementation of the Collaborative Care Model in a low-barrier HIV clinic.","<a href='https://pubmed.ncbi.nlm.nih.gov/?Db=pubmed&DbFrom=pubmed&Cmd=Link&LinkName=pubmed_pubmed&IdsFromResult=39531512&ordinalpos=1&itool=EntrezSystem2.PEntrez.Pubmed.Pubmed_ResultsPanel.Pubmed_DiscoveryPanel.Pubmed_Discovery_RA&log$=relatedarticles&logdbfrom=pubmed'>Related, PubMed</a>","<a href='https://scholar.google.com/scholar?q=related:https://pmc.ncbi.nlm.nih.gov/articles/PMC11682922/'>Related, Google Scholar</a>","<a href='https://pubmed.ncbi.nlm.nih.gov/?linkname=pubmed_pubmed_citedin&from_uid=39531512'>Cited By, PMID</a>","<a href='https://scholar.google.com/scholar?hl=en&lr=&cites=https://pmc.ncbi.nlm.nih.gov/articles/PMC11682922/'>Cited By, Google</a>"," ",
"R61MH132722","Department of Psychiatry and Behavioral Sciences, Dell Medical School, University of Texas at Austin, Austin, TX, 78701, USA.","2025","Morris, Kierra R; Jaeb, Michael; Dunsmoor, Joseph E; Stowe, Zachary N; Cisler, Josh M","England","1740-634X","3","<a href='https://pubmed.ncbi.nlm.nih.gov/39562628'>Neuropsychopharmacology : official publication of the American College of Neuropsychopharmacology</a>","Neuropsychopharmacology","50","eng","568-575","11735932","39562628","2025 Feb","Decoding threat neurocircuitry representations during traumatic memory recall in PTSD.","<a href='https://pubmed.ncbi.nlm.nih.gov/?Db=pubmed&DbFrom=pubmed&Cmd=Link&LinkName=pubmed_pubmed&IdsFromResult=39562628&ordinalpos=1&itool=EntrezSystem2.PEntrez.Pubmed.Pubmed_ResultsPanel.Pubmed_DiscoveryPanel.Pubmed_Discovery_RA&log$=relatedarticles&logdbfrom=pubmed'>Related, PubMed</a>","<a href='https://scholar.google.com/scholar?q=related:https://pmc.ncbi.nlm.nih.gov/articles/PMC11735932/'>Related, Google Scholar</a>","<a href='https://pubmed.ncbi.nlm.nih.gov/?linkname=pubmed_pubmed_citedin&from_uid=39562628'>Cited By, PMID</a>","<a href='https://scholar.google.com/scholar?hl=en&lr=&cites=https://pmc.ncbi.nlm.nih.gov/articles/PMC11735932/'>Cited By, Google</a>"," ",
"T32MH125792","Center for Health Policy and Health Services Research, Henry Ford Health, One Ford Place, Suite 5E, Detroit, MI 48202, USA. Electronic address: elyse.llamocca@nationwidechildrens.org.","2025","Llamocca, Elyse N; Bossick, Andrew S; Perkins, Denise White; Ahmedani, Brian K; Behrendt, Rob; Bloemen, Anna; Murphy, Angela; Kulkarni, Aishwarya; Lockhart, Elizabeth","United States","1096-0260"," ","<a href='https://pubmed.ncbi.nlm.nih.gov/39586330'>Preventive medicine</a>","Prev Med","190","eng","108182","11648936","39586330","2025 Jan","Health-related social needs screening, reporting, and assistance in a large health system.","<a href='https://pubmed.ncbi.nlm.nih.gov/?Db=pubmed&DbFrom=pubmed&Cmd=Link&LinkName=pubmed_pubmed&IdsFromResult=39586330&ordinalpos=1&itool=EntrezSystem2.PEntrez.Pubmed.Pubmed_ResultsPanel.Pubmed_DiscoveryPanel.Pubmed_Discovery_RA&log$=relatedarticles&logdbfrom=pubmed'>Related, PubMed</a>","<a href='https://scholar.google.com/scholar?q=related:https://pmc.ncbi.nlm.nih.gov/articles/PMC11648936/'>Related, Google Scholar</a>","<a href='https://pubmed.ncbi.nlm.nih.gov/?linkname=pubmed_pubmed_citedin&from_uid=39586330'>Cited By, PMID</a>","<a href='https://scholar.google.com/scholar?hl=en&lr=&cites=https://pmc.ncbi.nlm.nih.gov/articles/PMC11648936/'>Cited By, Google</a>"," ",
"R01MH122414","School of Animal Sciences, Virginia Polytechnic Institute and State University, Blacksburg, Virginia, USA.","2025","Preveza, Natalie J; Setenet, Gueladouan; Gwin, Phillip; Bae, Yeeun; Patrick, Morgan B; Cummings, Adam; Abraham, Jennifer R; Ray, W Keith; Helm, Richard F; Jarome, Timothy J","United States","1098-1063","1","<a href='https://pubmed.ncbi.nlm.nih.gov/39610227'>Hippocampus</a>","Hippocampus","35","eng","e23650"," ","39610227","2025 Jan","Decreases in K63 Polyubiquitination in the Hippocampus Promote the Formation of Contextual Fear Memories in Both Males and Females.","<a href='https://pubmed.ncbi.nlm.nih.gov/?Db=pubmed&DbFrom=pubmed&Cmd=Link&LinkName=pubmed_pubmed&IdsFromResult=39610227&ordinalpos=1&itool=EntrezSystem2.PEntrez.Pubmed.Pubmed_ResultsPanel.Pubmed_DiscoveryPanel.Pubmed_Discovery_RA&log$=relatedarticles&logdbfrom=pubmed'>Related, PubMed</a>","<a href='https://scholar.google.com/scholar?hl=en&q=Decreases in K63 Polyubiquitination in the Hippocampus Promote the Formation of Contextual Fear Memories in Both Males and Females.'>Related, Google Scholar</a>","<a href='https://pubmed.ncbi.nlm.nih.gov/?linkname=pubmed_pubmed_citedin&from_uid=39610227'>Cited By, PMID</a>"," "," ",
"R01MH123396","Division of HIV, ID, and Global Medicine, Zuckerberg San Francisco General Hospital, University of California San Francisco, San Francisco, California.","2025","Christopoulos, Katerina A; Hickey, Matthew D; Rana, Aadia","United States","1746-6318","1","<a href='https://pubmed.ncbi.nlm.nih.gov/39633536'>Current opinion in HIV and AIDS</a>","Curr Opin HIV AIDS","20","eng","11-18","11623194","39633536","2025 Jan 01","Use of long-acting injectable cabotegravir/rilpivirine in people with HIV and adherence challenges.","<a href='https://pubmed.ncbi.nlm.nih.gov/?Db=pubmed&DbFrom=pubmed&Cmd=Link&LinkName=pubmed_pubmed&IdsFromResult=39633536&ordinalpos=1&itool=EntrezSystem2.PEntrez.Pubmed.Pubmed_ResultsPanel.Pubmed_DiscoveryPanel.Pubmed_Discovery_RA&log$=relatedarticles&logdbfrom=pubmed'>Related, PubMed</a>","<a href='https://scholar.google.com/scholar?q=related:https://pmc.ncbi.nlm.nih.gov/articles/PMC11623194/'>Related, Google Scholar</a>","<a href='https://pubmed.ncbi.nlm.nih.gov/?linkname=pubmed_pubmed_citedin&from_uid=39633536'>Cited By, PMID</a>","<a href='https://scholar.google.com/scholar?hl=en&lr=&cites=https://pmc.ncbi.nlm.nih.gov/articles/PMC11623194/'>Cited By, Google</a>"," ",
"R01MH125162","Department of Neurology, F.M. Kirby Neurobiology Center, Boston Children's Hospital, Harvard Medical School, Boston, MA, 02115, USA.","2025","Seiglie, Mariel P; Umemori, Hisashi","England","1873-7064"," ","<a href='https://pubmed.ncbi.nlm.nih.gov/39643240'>Neuropharmacology</a>","Neuropharmacology","265","eng","110255"," ","39643240","2025 Mar 01","Adolescent alcohol exposure disrupts episodic-like memory by impairing dopamine synapses in the mouse prelimbic cortex.","<a href='https://pubmed.ncbi.nlm.nih.gov/?Db=pubmed&DbFrom=pubmed&Cmd=Link&LinkName=pubmed_pubmed&IdsFromResult=39643240&ordinalpos=1&itool=EntrezSystem2.PEntrez.Pubmed.Pubmed_ResultsPanel.Pubmed_DiscoveryPanel.Pubmed_Discovery_RA&log$=relatedarticles&logdbfrom=pubmed'>Related, PubMed</a>","<a href='https://scholar.google.com/scholar?hl=en&q=Adolescent alcohol exposure disrupts episodic-like memory by impairing dopamine synapses in the mouse prelimbic cortex.'>Related, Google Scholar</a>","<a href='https://pubmed.ncbi.nlm.nih.gov/?linkname=pubmed_pubmed_citedin&from_uid=39643240'>Cited By, PMID</a>"," "," ",
"R01MH125885","Feinberg School of Medicine, Department of Neuroscience, Northwestern University, Chicago, IL, USA.","2025","Lopez, Gabriela C; Lerner, Talia N","Netherlands","2352-1546"," ","<a href='https://pubmed.ncbi.nlm.nih.gov/39719969'>Current opinion in behavioral sciences</a>","Curr Opin Behav Sci","61","eng"," ","11666190","39719969","2025 Feb","How Dopamine Enables Learning from Aversion.","<a href='https://pubmed.ncbi.nlm.nih.gov/?Db=pubmed&DbFrom=pubmed&Cmd=Link&LinkName=pubmed_pubmed&IdsFromResult=39719969&ordinalpos=1&itool=EntrezSystem2.PEntrez.Pubmed.Pubmed_ResultsPanel.Pubmed_DiscoveryPanel.Pubmed_Discovery_RA&log$=relatedarticles&logdbfrom=pubmed'>Related, PubMed</a>","<a href='https://scholar.google.com/scholar?q=related:https://pmc.ncbi.nlm.nih.gov/articles/PMC11666190/'>Related, Google Scholar</a>","<a href='https://pubmed.ncbi.nlm.nih.gov/?linkname=pubmed_pubmed_citedin&from_uid=39719969'>Cited By, PMID</a>","<a href='https://scholar.google.com/scholar?hl=en&lr=&cites=https://pmc.ncbi.nlm.nih.gov/articles/PMC11666190/'>Cited By, Google</a>"," ",
"R01MH120073","Center for Systems Neuroscience, Boston University, Boston, Massachusetts, USA.","2025","Hasselmo, Michael E","United States","1098-1063","1","<a href='https://pubmed.ncbi.nlm.nih.gov/39721980'>Hippocampus</a>","Hippocampus","35","eng","e23676"," ","39721980","2025 Jan","Development of the SPEAR Model: Separate Phases of Encoding and Retrieval Are Necessary for Storing Multiple Overlapping Associative Memories.","<a href='https://pubmed.ncbi.nlm.nih.gov/?Db=pubmed&DbFrom=pubmed&Cmd=Link&LinkName=pubmed_pubmed&IdsFromResult=39721980&ordinalpos=1&itool=EntrezSystem2.PEntrez.Pubmed.Pubmed_ResultsPanel.Pubmed_DiscoveryPanel.Pubmed_Discovery_RA&log$=relatedarticles&logdbfrom=pubmed'>Related, PubMed</a>","<a href='https://scholar.google.com/scholar?hl=en&q=Development of the SPEAR Model: Separate Phases of Encoding and Retrieval Are Necessary for Storing Multiple Overlapping Associative Memories.'>Related, Google Scholar</a>","<a href='https://pubmed.ncbi.nlm.nih.gov/?linkname=pubmed_pubmed_citedin&from_uid=39721980'>Cited By, PMID</a>"," "," ",
"R01MH121545","Department of Medical Biochemistry and Biophysics, Karolinska Institutet, Stockholm, Sweden.","2025","Yao, Shuyang; Harder, Arvid; Darki, Fahimeh; Chang, Yu-Wei; Li, Ang; Nikouei, Kasra; Volpe, Giovanni; Lundström, Johan N; Zeng, Jian; Wray, Naomi R; Lu, Yi; Sullivan, Patrick F; Hjerling-Leffler, Jens","England","2041-1723","1","<a href='https://pubmed.ncbi.nlm.nih.gov/39755698'>Nature communications</a>","Nat Commun","16","eng","395","11700164","39755698","2025 Jan 04","<a href='https://www.ncbi.nlm.nih.gov/pmc/articles/11700164'>Connecting genomic results for psychiatric disorders to human brain cell types and regions reveals convergence with functional connectivity.</a>","<a href='https://pubmed.ncbi.nlm.nih.gov/?Db=pubmed&DbFrom=pubmed&Cmd=Link&LinkName=pubmed_pubmed&IdsFromResult=39755698&ordinalpos=1&itool=EntrezSystem2.PEntrez.Pubmed.Pubmed_ResultsPanel.Pubmed_DiscoveryPanel.Pubmed_Discovery_RA&log$=relatedarticles&logdbfrom=pubmed'>Related, PubMed</a>","<a href='https://scholar.google.com/scholar?q=related:https://pmc.ncbi.nlm.nih.gov/articles/PMC11700164/'>Related, Google Scholar</a>","<a href='https://pubmed.ncbi.nlm.nih.gov/?linkname=pubmed_pubmed_citedin&from_uid=39755698'>Cited By, PMID</a>","<a href='https://scholar.google.com/scholar?hl=en&lr=&cites=https://pmc.ncbi.nlm.nih.gov/articles/PMC11700164/'>Cited By, Google</a>"," ",
"R01MH124871","Department of Medical Biochemistry and Biophysics, Karolinska Institutet, Stockholm, Sweden.","2025","Yao, Shuyang; Harder, Arvid; Darki, Fahimeh; Chang, Yu-Wei; Li, Ang; Nikouei, Kasra; Volpe, Giovanni; Lundström, Johan N; Zeng, Jian; Wray, Naomi R; Lu, Yi; Sullivan, Patrick F; Hjerling-Leffler, Jens","England","2041-1723","1","<a href='https://pubmed.ncbi.nlm.nih.gov/39755698'>Nature communications</a>","Nat Commun","16","eng","395","11700164","39755698","2025 Jan 04","<a href='https://www.ncbi.nlm.nih.gov/pmc/articles/11700164'>Connecting genomic results for psychiatric disorders to human brain cell types and regions reveals convergence with functional connectivity.</a>","<a href='https://pubmed.ncbi.nlm.nih.gov/?Db=pubmed&DbFrom=pubmed&Cmd=Link&LinkName=pubmed_pubmed&IdsFromResult=39755698&ordinalpos=1&itool=EntrezSystem2.PEntrez.Pubmed.Pubmed_ResultsPanel.Pubmed_DiscoveryPanel.Pubmed_Discovery_RA&log$=relatedarticles&logdbfrom=pubmed'>Related, PubMed</a>","<a href='https://scholar.google.com/scholar?q=related:https://pmc.ncbi.nlm.nih.gov/articles/PMC11700164/'>Related, Google Scholar</a>","<a href='https://pubmed.ncbi.nlm.nih.gov/?linkname=pubmed_pubmed_citedin&from_uid=39755698'>Cited By, PMID</a>","<a href='https://scholar.google.com/scholar?hl=en&lr=&cites=https://pmc.ncbi.nlm.nih.gov/articles/PMC11700164/'>Cited By, Google</a>"," ",
"R01MH129832","Amsterdam UMC, Department of Radiology and Nuclear Medicine, University of Amsterdam, Amsterdam, the Netherlands.","2025","Poirot, Maarten G; Boucherie, Daphne E; Caan, Matthan W A; Goya-Maldonado, Roberto; Belov, Vladimir; Corruble, Emmanuelle; Colle, Romain; Couvy-Duchesne, Baptiste; Kamishikiryo, Toshiharu; Shinzato, Hotaka; Ichikawa, Naho; Okada, Go; Okamoto, Yasumasa; Harrison, Ben J; Davey, Christopher G; Jamieson, Alec J; Cullen, Kathryn R; Başgöze, Zeynep; Klimes-Dougan, Bonnie; Mueller, Bryon A; Benedetti, Francesco; Poletti, Sara; Melloni, Elisa M T; Ching, Christopher R K; Zeng, Ling-Li; Radua, Joaquim; Han, Laura K M; Jahanshad, Neda; Thomopoulos, Sophia I; Pozzi, Elena; Veltman, Dick J; Schmaal, Lianne; Thompson, Paul M; Ruhe, Henricus G; Reneman, Liesbeth; Schrantee, Anouk","United States","1097-0193","1","<a href='https://pubmed.ncbi.nlm.nih.gov/39757979'>Human brain mapping</a>","Hum Brain Mapp","46","eng","e70053","11702469","39757979","2025 Jan","<a href='https://www.ncbi.nlm.nih.gov/pmc/articles/11702469'>Predicting Antidepressant Treatment Response From Cortical Structure on MRI: A Mega-Analysis From the ENIGMA-MDD Working Group.</a>","<a href='https://pubmed.ncbi.nlm.nih.gov/?Db=pubmed&DbFrom=pubmed&Cmd=Link&LinkName=pubmed_pubmed&IdsFromResult=39757979&ordinalpos=1&itool=EntrezSystem2.PEntrez.Pubmed.Pubmed_ResultsPanel.Pubmed_DiscoveryPanel.Pubmed_Discovery_RA&log$=relatedarticles&logdbfrom=pubmed'>Related, PubMed</a>","<a href='https://scholar.google.com/scholar?q=related:https://pmc.ncbi.nlm.nih.gov/articles/PMC11702469/'>Related, Google Scholar</a>","<a href='https://pubmed.ncbi.nlm.nih.gov/?linkname=pubmed_pubmed_citedin&from_uid=39757979'>Cited By, PMID</a>","<a href='https://scholar.google.com/scholar?hl=en&lr=&cites=https://pmc.ncbi.nlm.nih.gov/articles/PMC11702469/'>Cited By, Google</a>"," ",
"R01MH131806","Amsterdam UMC, Department of Radiology and Nuclear Medicine, University of Amsterdam, Amsterdam, the Netherlands.","2025","Poirot, Maarten G; Boucherie, Daphne E; Caan, Matthan W A; Goya-Maldonado, Roberto; Belov, Vladimir; Corruble, Emmanuelle; Colle, Romain; Couvy-Duchesne, Baptiste; Kamishikiryo, Toshiharu; Shinzato, Hotaka; Ichikawa, Naho; Okada, Go; Okamoto, Yasumasa; Harrison, Ben J; Davey, Christopher G; Jamieson, Alec J; Cullen, Kathryn R; Başgöze, Zeynep; Klimes-Dougan, Bonnie; Mueller, Bryon A; Benedetti, Francesco; Poletti, Sara; Melloni, Elisa M T; Ching, Christopher R K; Zeng, Ling-Li; Radua, Joaquim; Han, Laura K M; Jahanshad, Neda; Thomopoulos, Sophia I; Pozzi, Elena; Veltman, Dick J; Schmaal, Lianne; Thompson, Paul M; Ruhe, Henricus G; Reneman, Liesbeth; Schrantee, Anouk","United States","1097-0193","1","<a href='https://pubmed.ncbi.nlm.nih.gov/39757979'>Human brain mapping</a>","Hum Brain Mapp","46","eng","e70053","11702469","39757979","2025 Jan","<a href='https://www.ncbi.nlm.nih.gov/pmc/articles/11702469'>Predicting Antidepressant Treatment Response From Cortical Structure on MRI: A Mega-Analysis From the ENIGMA-MDD Working Group.</a>","<a href='https://pubmed.ncbi.nlm.nih.gov/?Db=pubmed&DbFrom=pubmed&Cmd=Link&LinkName=pubmed_pubmed&IdsFromResult=39757979&ordinalpos=1&itool=EntrezSystem2.PEntrez.Pubmed.Pubmed_ResultsPanel.Pubmed_DiscoveryPanel.Pubmed_Discovery_RA&log$=relatedarticles&logdbfrom=pubmed'>Related, PubMed</a>","<a href='https://scholar.google.com/scholar?q=related:https://pmc.ncbi.nlm.nih.gov/articles/PMC11702469/'>Related, Google Scholar</a>","<a href='https://pubmed.ncbi.nlm.nih.gov/?linkname=pubmed_pubmed_citedin&from_uid=39757979'>Cited By, PMID</a>","<a href='https://scholar.google.com/scholar?hl=en&lr=&cites=https://pmc.ncbi.nlm.nih.gov/articles/PMC11702469/'>Cited By, Google</a>"," ",
"R01MH129742","Amsterdam UMC, Department of Radiology and Nuclear Medicine, University of Amsterdam, Amsterdam, the Netherlands.","2025","Poirot, Maarten G; Boucherie, Daphne E; Caan, Matthan W A; Goya-Maldonado, Roberto; Belov, Vladimir; Corruble, Emmanuelle; Colle, Romain; Couvy-Duchesne, Baptiste; Kamishikiryo, Toshiharu; Shinzato, Hotaka; Ichikawa, Naho; Okada, Go; Okamoto, Yasumasa; Harrison, Ben J; Davey, Christopher G; Jamieson, Alec J; Cullen, Kathryn R; Başgöze, Zeynep; Klimes-Dougan, Bonnie; Mueller, Bryon A; Benedetti, Francesco; Poletti, Sara; Melloni, Elisa M T; Ching, Christopher R K; Zeng, Ling-Li; Radua, Joaquim; Han, Laura K M; Jahanshad, Neda; Thomopoulos, Sophia I; Pozzi, Elena; Veltman, Dick J; Schmaal, Lianne; Thompson, Paul M; Ruhe, Henricus G; Reneman, Liesbeth; Schrantee, Anouk","United States","1097-0193","1","<a href='https://pubmed.ncbi.nlm.nih.gov/39757979'>Human brain mapping</a>","Hum Brain Mapp","46","eng","e70053","11702469","39757979","2025 Jan","<a href='https://www.ncbi.nlm.nih.gov/pmc/articles/11702469'>Predicting Antidepressant Treatment Response From Cortical Structure on MRI: A Mega-Analysis From the ENIGMA-MDD Working Group.</a>","<a href='https://pubmed.ncbi.nlm.nih.gov/?Db=pubmed&DbFrom=pubmed&Cmd=Link&LinkName=pubmed_pubmed&IdsFromResult=39757979&ordinalpos=1&itool=EntrezSystem2.PEntrez.Pubmed.Pubmed_ResultsPanel.Pubmed_DiscoveryPanel.Pubmed_Discovery_RA&log$=relatedarticles&logdbfrom=pubmed'>Related, PubMed</a>","<a href='https://scholar.google.com/scholar?q=related:https://pmc.ncbi.nlm.nih.gov/articles/PMC11702469/'>Related, Google Scholar</a>","<a href='https://pubmed.ncbi.nlm.nih.gov/?linkname=pubmed_pubmed_citedin&from_uid=39757979'>Cited By, PMID</a>","<a href='https://scholar.google.com/scholar?hl=en&lr=&cites=https://pmc.ncbi.nlm.nih.gov/articles/PMC11702469/'>Cited By, Google</a>"," ",
"F32MH127801","Department of Psychiatry and Behavioral Sciences, University of Washington, Seattle, United States.","2025","Kong, Mi-Seon; Ancell, Ethan; Witten, Daniela M; Zweifel, Larry S","England","2050-084X"," ","<a href='https://pubmed.ncbi.nlm.nih.gov/39792138'>eLife</a>","Elife","13","eng"," ","11723578","39792138","2025 Jan 10","<a href='https://www.ncbi.nlm.nih.gov/pmc/articles/11723578'>Valence and salience encoding in the central amygdala.</a>","<a href='https://pubmed.ncbi.nlm.nih.gov/?Db=pubmed&DbFrom=pubmed&Cmd=Link&LinkName=pubmed_pubmed&IdsFromResult=39792138&ordinalpos=1&itool=EntrezSystem2.PEntrez.Pubmed.Pubmed_ResultsPanel.Pubmed_DiscoveryPanel.Pubmed_Discovery_RA&log$=relatedarticles&logdbfrom=pubmed'>Related, PubMed</a>","<a href='https://scholar.google.com/scholar?q=related:https://pmc.ncbi.nlm.nih.gov/articles/PMC11723578/'>Related, Google Scholar</a>","<a href='https://pubmed.ncbi.nlm.nih.gov/?linkname=pubmed_pubmed_citedin&from_uid=39792138'>Cited By, PMID</a>","<a href='https://scholar.google.com/scholar?hl=en&lr=&cites=https://pmc.ncbi.nlm.nih.gov/articles/PMC11723578/'>Cited By, Google</a>"," ",
"R01MH135492","Department of Pediatrics, University of California, San Francisco, 550 16th Street, 4th Floor, Box 0503, San Francisco, California 94143, USA. Electronic address: jason.nagata@ucsf.edu.","2025","Nagata, Jason M; Memon, Zain; Talebloo, Jonanne; Karen Li, M P H; Low, Patrick; Shao, Iris Y; Ganson, Kyle T; Testa, Alexander; He, Jinbo; Brindis, Claire D; Baker, Fiona C","United States","1876-2867"," ","<a href='https://pubmed.ncbi.nlm.nih.gov/39800219'>Academic pediatrics</a>","Acad Pediatr"," ","eng","102784"," ","39800219","2025 Jan 10","Prevalence and Patterns of Social Media Use in Early Adolescents.","<a href='https://pubmed.ncbi.nlm.nih.gov/?Db=pubmed&DbFrom=pubmed&Cmd=Link&LinkName=pubmed_pubmed&IdsFromResult=39800219&ordinalpos=1&itool=EntrezSystem2.PEntrez.Pubmed.Pubmed_ResultsPanel.Pubmed_DiscoveryPanel.Pubmed_Discovery_RA&log$=relatedarticles&logdbfrom=pubmed'>Related, PubMed</a>","<a href='https://scholar.google.com/scholar?hl=en&q=Prevalence and Patterns of Social Media Use in Early Adolescents.'>Related, Google Scholar</a>","<a href='https://pubmed.ncbi.nlm.nih.gov/?linkname=pubmed_pubmed_citedin&from_uid=39800219'>Cited By, PMID</a>"," "," ",
"K23MH131753","University of Notre Dame, Notre Dame, IN, USA. Electronic address: kaylinhillphd@gmail.com.","2025","Hill, Kaylin E; Cárdenas, Emilia F; Yu, Eileen; Hammond, Regina; Humphreys, Kathryn L; Kujawa, Autumn","England","1873-3360"," ","<a href='https://pubmed.ncbi.nlm.nih.gov/39383557'>Psychoneuroendocrinology</a>","Psychoneuroendocrinology","171","eng","107194","11622425","39383557","2025 Jan","A systematic review of associations between hormone levels in hair and peripartum depression.","<a href='https://pubmed.ncbi.nlm.nih.gov/?Db=pubmed&DbFrom=pubmed&Cmd=Link&LinkName=pubmed_pubmed&IdsFromResult=39383557&ordinalpos=1&itool=EntrezSystem2.PEntrez.Pubmed.Pubmed_ResultsPanel.Pubmed_DiscoveryPanel.Pubmed_Discovery_RA&log$=relatedarticles&logdbfrom=pubmed'>Related, PubMed</a>","<a href='https://scholar.google.com/scholar?q=related:https://pmc.ncbi.nlm.nih.gov/articles/PMC11622425/'>Related, Google Scholar</a>","<a href='https://pubmed.ncbi.nlm.nih.gov/?linkname=pubmed_pubmed_citedin&from_uid=39383557'>Cited By, PMID</a>","<a href='https://scholar.google.com/scholar?hl=en&lr=&cites=https://pmc.ncbi.nlm.nih.gov/articles/PMC11622425/'>Cited By, Google</a>"," ",
"R01MH122139","Department of Psychiatry and Behavioral Sciences, University of California, Davis, Davis, California.","2025","Lesh, Tyler A; Bergé, Daniel; Smucny, Jason; Guo, Joyce; Carter, Cameron S","United States","2451-9030","1","<a href='https://pubmed.ncbi.nlm.nih.gov/39383994'>Biological psychiatry. Cognitive neuroscience and neuroimaging</a>","Biol Psychiatry Cogn Neurosci Neuroimaging","10","eng","111-119","11730764","39383994","2025 Jan","Elevated Extracellular Free Water in the Brain Predicts Clinical Improvement in First-Episode Psychosis.","<a href='https://pubmed.ncbi.nlm.nih.gov/?Db=pubmed&DbFrom=pubmed&Cmd=Link&LinkName=pubmed_pubmed&IdsFromResult=39383994&ordinalpos=1&itool=EntrezSystem2.PEntrez.Pubmed.Pubmed_ResultsPanel.Pubmed_DiscoveryPanel.Pubmed_Discovery_RA&log$=relatedarticles&logdbfrom=pubmed'>Related, PubMed</a>","<a href='https://scholar.google.com/scholar?q=related:https://pmc.ncbi.nlm.nih.gov/articles/PMC11730764/'>Related, Google Scholar</a>","<a href='https://pubmed.ncbi.nlm.nih.gov/?linkname=pubmed_pubmed_citedin&from_uid=39383994'>Cited By, PMID</a>","<a href='https://scholar.google.com/scholar?hl=en&lr=&cites=https://pmc.ncbi.nlm.nih.gov/articles/PMC11730764/'>Cited By, Google</a>"," ",
"P50MH090964","Division of Systems Neuroscience, Department of Psychiatry, Columbia University, and Research Foundation for Mental Hygiene, Inc. (RFMH), New York State Psychiatric Institute (NYSPI), New York, NY, 10032, USA.","2025","Dixon, Rushell; Malave, Lauren; Thompson, Rory; Wu, Serena; Li, Yifei; Sadik, Noah; Anacker, Christoph","England","1740-634X","3","<a href='https://pubmed.ncbi.nlm.nih.gov/39396089'>Neuropsychopharmacology : official publication of the American College of Neuropsychopharmacology</a>","Neuropsychopharmacology","50","eng","507-518","11736140","39396089","2025 Feb","<a href='https://www.ncbi.nlm.nih.gov/pmc/articles/11736140'>Sex-specific and developmental effects of early life adversity on stress reactivity are rescued by postnatal knockdown of 5-HT1A autoreceptors.</a>","<a href='https://pubmed.ncbi.nlm.nih.gov/?Db=pubmed&DbFrom=pubmed&Cmd=Link&LinkName=pubmed_pubmed&IdsFromResult=39396089&ordinalpos=1&itool=EntrezSystem2.PEntrez.Pubmed.Pubmed_ResultsPanel.Pubmed_DiscoveryPanel.Pubmed_Discovery_RA&log$=relatedarticles&logdbfrom=pubmed'>Related, PubMed</a>","<a href='https://scholar.google.com/scholar?q=related:https://pmc.ncbi.nlm.nih.gov/articles/PMC11736140/'>Related, Google Scholar</a>","<a href='https://pubmed.ncbi.nlm.nih.gov/?linkname=pubmed_pubmed_citedin&from_uid=39396089'>Cited By, PMID</a>","<a href='https://scholar.google.com/scholar?hl=en&lr=&cites=https://pmc.ncbi.nlm.nih.gov/articles/PMC11736140/'>Cited By, Google</a>"," ",
"T32MH018951","University of Pittsburgh, PA, USA.","2025","Molina, Brooke S G; Joseph, Heather M; Kipp, Heidi L; Pedersen, Sarah L; Kolko, David J; Lindstrom, Rachel A; Bauer, Daniel J; Subramaniam, Geetha A","United States","1557-1246","2","<a href='https://pubmed.ncbi.nlm.nih.gov/39402929'>Journal of attention disorders</a>","J Atten Disord","29","eng","107-119","11585434","39402929","2025 Jan","<a href='https://www.ncbi.nlm.nih.gov/pmc/articles/11585434'>Adolescent-Reported Changes in Provider Behavior Following Pediatrician Training in Stimulant Diversion Prevention: Results From a Cluster Randomized Controlled Trial.</a>","<a href='https://pubmed.ncbi.nlm.nih.gov/?Db=pubmed&DbFrom=pubmed&Cmd=Link&LinkName=pubmed_pubmed&IdsFromResult=39402929&ordinalpos=1&itool=EntrezSystem2.PEntrez.Pubmed.Pubmed_ResultsPanel.Pubmed_DiscoveryPanel.Pubmed_Discovery_RA&log$=relatedarticles&logdbfrom=pubmed'>Related, PubMed</a>","<a href='https://scholar.google.com/scholar?q=related:https://pmc.ncbi.nlm.nih.gov/articles/PMC11585434/'>Related, Google Scholar</a>","<a href='https://pubmed.ncbi.nlm.nih.gov/?linkname=pubmed_pubmed_citedin&from_uid=39402929'>Cited By, PMID</a>","<a href='https://scholar.google.com/scholar?hl=en&lr=&cites=https://pmc.ncbi.nlm.nih.gov/articles/PMC11585434/'>Cited By, Google</a>"," ",
"R61MH129407","Department of Kinesiology, University of Wisconsin - Madison, Madison, Wisconsin.","2025","Kelly, Shania; Meyer, Jacob; Stielow, Christiane; Heinzel, Stephan; Heissel, Andreas","England","1873-3360"," ","<a href='https://pubmed.ncbi.nlm.nih.gov/39413529'>Psychoneuroendocrinology</a>","Psychoneuroendocrinology","171","eng","107215","11568898","39413529","2025 Jan","Effects of an acute maximal exercise bout on serum insulin-like growth factor-1 in adults with MDD.","<a href='https://pubmed.ncbi.nlm.nih.gov/?Db=pubmed&DbFrom=pubmed&Cmd=Link&LinkName=pubmed_pubmed&IdsFromResult=39413529&ordinalpos=1&itool=EntrezSystem2.PEntrez.Pubmed.Pubmed_ResultsPanel.Pubmed_DiscoveryPanel.Pubmed_Discovery_RA&log$=relatedarticles&logdbfrom=pubmed'>Related, PubMed</a>","<a href='https://scholar.google.com/scholar?q=related:https://pmc.ncbi.nlm.nih.gov/articles/PMC11568898/'>Related, Google Scholar</a>","<a href='https://pubmed.ncbi.nlm.nih.gov/?linkname=pubmed_pubmed_citedin&from_uid=39413529'>Cited By, PMID</a>","<a href='https://scholar.google.com/scholar?hl=en&lr=&cites=https://pmc.ncbi.nlm.nih.gov/articles/PMC11568898/'>Cited By, Google</a>"," ",
"R01MH121924","Department of Population Health Sciences, Weill Cornell Medicine, New York, NY 10065, USA.","2025","Patra, Braja Gopal; Lepow, Lauren A; Kasi Reddy Jagadeesh Kumar, Praneet; Vekaria, Veer; Sharma, Mohit Manoj; Adekkanattu, Prakash; Fennessy, Brian; Hynes, Gavin; Landi, Isotta; Sanchez-Ruiz, Jorge A; Ryu, Euijung; Biernacka, Joanna M; Nadkarni, Girish N; Talati, Ardesheer; Weissman, Myrna; Olfson, Mark; Mann, J John; Zhang, Yiye; Charney, Alexander W; Pathak, Jyotishman","England","1527-974X","1","<a href='https://pubmed.ncbi.nlm.nih.gov/39423850'>Journal of the American Medical Informatics Association : JAMIA</a>","J Am Med Inform Assoc","32","eng","218-226","11648716","39423850","2025 Jan 01","Extracting social support and social isolation information from clinical psychiatry notes: comparing a rule-based natural language processing system and a large language model.","<a href='https://pubmed.ncbi.nlm.nih.gov/?Db=pubmed&DbFrom=pubmed&Cmd=Link&LinkName=pubmed_pubmed&IdsFromResult=39423850&ordinalpos=1&itool=EntrezSystem2.PEntrez.Pubmed.Pubmed_ResultsPanel.Pubmed_DiscoveryPanel.Pubmed_Discovery_RA&log$=relatedarticles&logdbfrom=pubmed'>Related, PubMed</a>","<a href='https://scholar.google.com/scholar?q=related:https://pmc.ncbi.nlm.nih.gov/articles/PMC11648716/'>Related, Google Scholar</a>","<a href='https://pubmed.ncbi.nlm.nih.gov/?linkname=pubmed_pubmed_citedin&from_uid=39423850'>Cited By, PMID</a>","<a href='https://scholar.google.com/scholar?hl=en&lr=&cites=https://pmc.ncbi.nlm.nih.gov/articles/PMC11648716/'>Cited By, Google</a>"," ",
"R01MH125579","Department of Genetics and Genomic Sciences, Icahn School of Medicine at Mount Sinai, New York, NY 10029, USA.","2025","Fang, Gang","England","2210-3244","6","<a href='https://pubmed.ncbi.nlm.nih.gov/39436220'>Genomics, proteomics & bioinformatics</a>","Genomics Proteomics Bioinformatics","22","eng"," "," ","39436220","2025 Jan 15","Innovative Low-cost Probe Generation Empowers Targeted Long-read RNA Sequencing.","<a href='https://pubmed.ncbi.nlm.nih.gov/?Db=pubmed&DbFrom=pubmed&Cmd=Link&LinkName=pubmed_pubmed&IdsFromResult=39436220&ordinalpos=1&itool=EntrezSystem2.PEntrez.Pubmed.Pubmed_ResultsPanel.Pubmed_DiscoveryPanel.Pubmed_Discovery_RA&log$=relatedarticles&logdbfrom=pubmed'>Related, PubMed</a>","<a href='https://scholar.google.com/scholar?hl=en&q=Innovative Low-cost Probe Generation Empowers Targeted Long-read RNA Sequencing.'>Related, Google Scholar</a>","<a href='https://pubmed.ncbi.nlm.nih.gov/?linkname=pubmed_pubmed_citedin&from_uid=39436220'>Cited By, PMID</a>"," "," ",
"R01MH135492","Department of Pediatrics, University of California, San Francisco, San Francisco, CA, USA. Electronic address: jason.nagata@ucsf.edu.","2025","Nagata, Jason M; Wong, Jennifer; Zamora, Gabriel; Al-Shoaibi, Abubakr A A; Low, Patrick; Ganson, Kyle T; Testa, Alexander; He, Jinbo; Lavender, Jason M; Baker, Fiona C","Netherlands","1573-2517"," ","<a href='https://pubmed.ncbi.nlm.nih.gov/39447970'>Journal of affective disorders</a>","J Affect Disord","369","eng","1233-1237","11610375","39447970","2025 Jan 15","Discrimination and manic symptoms in early adolescence: A prospective cohort study.","<a href='https://pubmed.ncbi.nlm.nih.gov/?Db=pubmed&DbFrom=pubmed&Cmd=Link&LinkName=pubmed_pubmed&IdsFromResult=39447970&ordinalpos=1&itool=EntrezSystem2.PEntrez.Pubmed.Pubmed_ResultsPanel.Pubmed_DiscoveryPanel.Pubmed_Discovery_RA&log$=relatedarticles&logdbfrom=pubmed'>Related, PubMed</a>","<a href='https://scholar.google.com/scholar?q=related:https://pmc.ncbi.nlm.nih.gov/articles/PMC11610375/'>Related, Google Scholar</a>","<a href='https://pubmed.ncbi.nlm.nih.gov/?linkname=pubmed_pubmed_citedin&from_uid=39447970'>Cited By, PMID</a>","<a href='https://scholar.google.com/scholar?hl=en&lr=&cites=https://pmc.ncbi.nlm.nih.gov/articles/PMC11610375/'>Cited By, Google</a>"," ",
"R01MH132826","Department of Cognitive Science, Johns Hopkins University, Baltimore, Maryland 21218.","2025","Im, Elizabeth Jiwon; Shirahatti, Angira; Isik, Leyla","United States","1529-2401","1","<a href='https://pubmed.ncbi.nlm.nih.gov/39467639'>The Journal of neuroscience : the official journal of the Society for Neuroscience</a>","J Neurosci","45","eng"," ","11694395","39467639","2025 Jan 01","<a href='https://www.ncbi.nlm.nih.gov/pmc/articles/11694395'>Early Neural Development of Social Interaction Perception: Evidence from Voxel-Wise Encoding in Young Children and Adults.</a>","<a href='https://pubmed.ncbi.nlm.nih.gov/?Db=pubmed&DbFrom=pubmed&Cmd=Link&LinkName=pubmed_pubmed&IdsFromResult=39467639&ordinalpos=1&itool=EntrezSystem2.PEntrez.Pubmed.Pubmed_ResultsPanel.Pubmed_DiscoveryPanel.Pubmed_Discovery_RA&log$=relatedarticles&logdbfrom=pubmed'>Related, PubMed</a>","<a href='https://scholar.google.com/scholar?q=related:https://pmc.ncbi.nlm.nih.gov/articles/PMC11694395/'>Related, Google Scholar</a>","<a href='https://pubmed.ncbi.nlm.nih.gov/?linkname=pubmed_pubmed_citedin&from_uid=39467639'>Cited By, PMID</a>","<a href='https://scholar.google.com/scholar?hl=en&lr=&cites=https://pmc.ncbi.nlm.nih.gov/articles/PMC11694395/'>Cited By, Google</a>"," ",
"K23MH126312","Department of Psychiatry, Columbia University Irving Medical Center, New York, NY, USA. stephanie.rolin@nyspi.columbia.edu.","2025","Rolin, Stephanie A; Caffrey, Deirdre; Flores, Megan G; Mootz, Jennifer; Bello, Iruma; Nossel, Ilana; Compton, Michael T; Stanley, Barbara; Wainberg, Milton L; Dixon, Lisa B; Appelbaum, Paul S; Pope, Leah G","United States","1573-2789","1","<a href='https://pubmed.ncbi.nlm.nih.gov/39172311'>Community mental health journal</a>","Community Ment Health J","61","eng","193-202","11703671","39172311","2025 Jan","Qualitative Evaluation of Acceptability and Feasibility of a Behavioral Intervention to Reduce Violence Among Young Adults with Early Psychosis.","<a href='https://pubmed.ncbi.nlm.nih.gov/?Db=pubmed&DbFrom=pubmed&Cmd=Link&LinkName=pubmed_pubmed&IdsFromResult=39172311&ordinalpos=1&itool=EntrezSystem2.PEntrez.Pubmed.Pubmed_ResultsPanel.Pubmed_DiscoveryPanel.Pubmed_Discovery_RA&log$=relatedarticles&logdbfrom=pubmed'>Related, PubMed</a>","<a href='https://scholar.google.com/scholar?q=related:https://pmc.ncbi.nlm.nih.gov/articles/PMC11703671/'>Related, Google Scholar</a>","<a href='https://pubmed.ncbi.nlm.nih.gov/?linkname=pubmed_pubmed_citedin&from_uid=39172311'>Cited By, PMID</a>","<a href='https://scholar.google.com/scholar?hl=en&lr=&cites=https://pmc.ncbi.nlm.nih.gov/articles/PMC11703671/'>Cited By, Google</a>"," ",
"T32MH019934","John A. Burns School of Medicine, University of Hawaii, Honolulu, Hawaii, USA.","2025","Niino, Kerri; Patapoff, Molly A; Mausbach, Brent T; Liu, Hui; Moore, Alison A; Han, Benjamin H; Palmer, Barton W; Jester, Dylan J","United States","1532-5415","1","<a href='https://pubmed.ncbi.nlm.nih.gov/39175111'>Journal of the American Geriatrics Society</a>","J Am Geriatr Soc","73","eng","253-265","11735283","39175111","2025 Jan","Development of loneliness and social isolation after spousal loss: A systematic review of longitudinal studies on widowhood.","<a href='https://pubmed.ncbi.nlm.nih.gov/?Db=pubmed&DbFrom=pubmed&Cmd=Link&LinkName=pubmed_pubmed&IdsFromResult=39175111&ordinalpos=1&itool=EntrezSystem2.PEntrez.Pubmed.Pubmed_ResultsPanel.Pubmed_DiscoveryPanel.Pubmed_Discovery_RA&log$=relatedarticles&logdbfrom=pubmed'>Related, PubMed</a>","<a href='https://scholar.google.com/scholar?q=related:https://pmc.ncbi.nlm.nih.gov/articles/PMC11735283/'>Related, Google Scholar</a>","<a href='https://pubmed.ncbi.nlm.nih.gov/?linkname=pubmed_pubmed_citedin&from_uid=39175111'>Cited By, PMID</a>","<a href='https://scholar.google.com/scholar?hl=en&lr=&cites=https://pmc.ncbi.nlm.nih.gov/articles/PMC11735283/'>Cited By, Google</a>"," ",
"ZICMH002961","National Human Genome Research Institute, National Institutes of Health, Bethesda, Maryland, USA.","2025","Weixel, Tara; Adedipe, Dee; Muldoon, Glennis; Lam, Christina; Krasnewich, Donna; Thurm, Audrey; Wolfe, Lynne","United States","1573-2665","1","<a href='https://pubmed.ncbi.nlm.nih.gov/39105373'>Journal of inherited metabolic disease</a>","J Inherit Metab Dis","48","eng","e12782","11670447","39105373","2025 Jan","<a href='https://www.ncbi.nlm.nih.gov/pmc/articles/11670447'>Neurodevelopmental profiles of 14 individuals with phosphomannomutase deficiency (PMM2-CDG).</a>","<a href='https://pubmed.ncbi.nlm.nih.gov/?Db=pubmed&DbFrom=pubmed&Cmd=Link&LinkName=pubmed_pubmed&IdsFromResult=39105373&ordinalpos=1&itool=EntrezSystem2.PEntrez.Pubmed.Pubmed_ResultsPanel.Pubmed_DiscoveryPanel.Pubmed_Discovery_RA&log$=relatedarticles&logdbfrom=pubmed'>Related, PubMed</a>","<a href='https://scholar.google.com/scholar?q=related:https://pmc.ncbi.nlm.nih.gov/articles/PMC11670447/'>Related, Google Scholar</a>","<a href='https://pubmed.ncbi.nlm.nih.gov/?linkname=pubmed_pubmed_citedin&from_uid=39105373'>Cited By, PMID</a>","<a href='https://scholar.google.com/scholar?hl=en&lr=&cites=https://pmc.ncbi.nlm.nih.gov/articles/PMC11670447/'>Cited By, Google</a>"," ",
"R01MH126531","Department of Pediatrics, Columbia University Irving Medical Center, New York, NY, USA.","2025","Ahmed, Imaal; Yu, Michelle; Chaves, Vitoria; Xu, Ruiyang; Lavallée, Andréane; Warmingham, Jennifer M; Firestein, Morgan; Kyle, Margaret H; Fisher, Kaylee; Merriman, Emma T; Rodriguez, Cynthia; Mace, Westin; Fernandez, Cristina; Dumitriu, Dani; Lalwani, Anil K","United States","1531-4995","1","<a href='https://pubmed.ncbi.nlm.nih.gov/39230195'>The Laryngoscope</a>","Laryngoscope","135","eng","385-392","11686481","39230195","2025 Jan","Risk of Hearing Loss in Neonates and Toddlers with in Utero Exposure to SARS-CoV-2.","<a href='https://pubmed.ncbi.nlm.nih.gov/?Db=pubmed&DbFrom=pubmed&Cmd=Link&LinkName=pubmed_pubmed&IdsFromResult=39230195&ordinalpos=1&itool=EntrezSystem2.PEntrez.Pubmed.Pubmed_ResultsPanel.Pubmed_DiscoveryPanel.Pubmed_Discovery_RA&log$=relatedarticles&logdbfrom=pubmed'>Related, PubMed</a>","<a href='https://scholar.google.com/scholar?q=related:https://pmc.ncbi.nlm.nih.gov/articles/PMC11686481/'>Related, Google Scholar</a>","<a href='https://pubmed.ncbi.nlm.nih.gov/?linkname=pubmed_pubmed_citedin&from_uid=39230195'>Cited By, PMID</a>","<a href='https://scholar.google.com/scholar?hl=en&lr=&cites=https://pmc.ncbi.nlm.nih.gov/articles/PMC11686481/'>Cited By, Google</a>"," ",
"ZIAMH002652","Intramural Research Program, National Institute of Mental Health, NIH, DHHS, Bethesda, Maryland, USA.","2025","D'Amico, Alexander; Sung, Heejong; Arbona-Lampaya, Alejandro; Freifeld, Ally; Hosey, Katie; Garcia, Joshua; Lacbawan, Ley; Besançon, Emily; Kassem, Layla; Akula, Nirmala; Knowles, Emma E M; Dickinson, Dwight; McMahon, Francis J","United States","1552-485X","1","<a href='https://pubmed.ncbi.nlm.nih.gov/39011872'>American journal of medical genetics. Part B, Neuropsychiatric genetics : the official publication of the International Society of Psychiatric Genetics</a>","Am J Med Genet B Neuropsychiatr Genet","198","eng","e33001"," ","39011872","2025 Jan","Independent inheritance of cognition and bipolar disorder in a family sample.","<a href='https://pubmed.ncbi.nlm.nih.gov/?Db=pubmed&DbFrom=pubmed&Cmd=Link&LinkName=pubmed_pubmed&IdsFromResult=39011872&ordinalpos=1&itool=EntrezSystem2.PEntrez.Pubmed.Pubmed_ResultsPanel.Pubmed_DiscoveryPanel.Pubmed_Discovery_RA&log$=relatedarticles&logdbfrom=pubmed'>Related, PubMed</a>","<a href='https://scholar.google.com/scholar?hl=en&q=Independent inheritance of cognition and bipolar disorder in a family sample.'>Related, Google Scholar</a>","<a href='https://pubmed.ncbi.nlm.nih.gov/?linkname=pubmed_pubmed_citedin&from_uid=39011872'>Cited By, PMID</a>"," "," ",
"R01MH120588","Department of Psychiatry and Behavioral Sciences, Vanderbilt University Medical Center, Nashville, Tennessee. Electronic address: heather.b.ward@vumc.org.","2025","Ward, Heather Burrell; Beermann, Adam; Xie, Jing; Yildiz, Gulcan; Felix, Karlos Manzanarez; Addington, Jean; Bearden, Carrie E; Cadenhead, Kristin; Cannon, Tyrone D; Cornblatt, Barbara; Keshavan, Matcheri; Mathalon, Daniel; Perkins, Diana O; Seidman, Larry; Stone, William S; Tsuang, Ming T; Walker, Elaine F; Woods, Scott; Coleman, Michael J; Bouix, Sylvain; Holt, Daphne J; Öngür, Dost; Breier, Alan; Shenton, Martha E; Heckers, Stephan; Halko, Mark A; Lewandowski, Kathryn E; Brady Jr, Roscoe O","United States","1873-2402","2","<a href='https://pubmed.ncbi.nlm.nih.gov/39032726'>Biological psychiatry</a>","Biol Psychiatry","97","eng","139-147","11634655","39032726","2025 Jan 15","<a href='https://www.ncbi.nlm.nih.gov/pmc/articles/11634655'>Robust Brain Correlates of Cognitive Performance in Psychosis and Its Prodrome.</a>","<a href='https://pubmed.ncbi.nlm.nih.gov/?Db=pubmed&DbFrom=pubmed&Cmd=Link&LinkName=pubmed_pubmed&IdsFromResult=39032726&ordinalpos=1&itool=EntrezSystem2.PEntrez.Pubmed.Pubmed_ResultsPanel.Pubmed_DiscoveryPanel.Pubmed_Discovery_RA&log$=relatedarticles&logdbfrom=pubmed'>Related, PubMed</a>","<a href='https://scholar.google.com/scholar?q=related:https://pmc.ncbi.nlm.nih.gov/articles/PMC11634655/'>Related, Google Scholar</a>","<a href='https://pubmed.ncbi.nlm.nih.gov/?linkname=pubmed_pubmed_citedin&from_uid=39032726'>Cited By, PMID</a>","<a href='https://scholar.google.com/scholar?hl=en&lr=&cites=https://pmc.ncbi.nlm.nih.gov/articles/PMC11634655/'>Cited By, Google</a>"," ",
"R01MH128878","Division of General Internal Medicine, Albert Einstein College of Medicine/Montefiore Medical Center, Bronx, NY, USA.","2025","Hayes, Benjamin T; Sanchez Fat, Guillermo; Torres-Lockhart, Kristine; Khalid, Laila; Minami, Haruka; Ghiroli, Megan; Hribar, Mary Beth; Pacifico, Jessica; Bao, Yuhua; Rodgers, Caryn R R; Gabbay, Vilma; Starrels, Joanna; Fox, Aaron D","United States","2976-7350","1","<a href='https://pubmed.ncbi.nlm.nih.gov/39068540'>Substance use & addiction journal</a>","Subst Use Addctn J","46","eng","184-191","11652261","39068540","2025 Jan","<a href='https://www.ncbi.nlm.nih.gov/pmc/articles/11652261'>Low-Dose Buprenorphine Initiation for Hospitalized Patients With Chronic Pain and Opioid Use Disorder or Opioid Misuse: Protocol for an Open-Label, Parallel-Group, Effectiveness-Implementation Randomized Controlled Trial.</a>","<a href='https://pubmed.ncbi.nlm.nih.gov/?Db=pubmed&DbFrom=pubmed&Cmd=Link&LinkName=pubmed_pubmed&IdsFromResult=39068540&ordinalpos=1&itool=EntrezSystem2.PEntrez.Pubmed.Pubmed_ResultsPanel.Pubmed_DiscoveryPanel.Pubmed_Discovery_RA&log$=relatedarticles&logdbfrom=pubmed'>Related, PubMed</a>","<a href='https://scholar.google.com/scholar?q=related:https://pmc.ncbi.nlm.nih.gov/articles/PMC11652261/'>Related, Google Scholar</a>","<a href='https://pubmed.ncbi.nlm.nih.gov/?linkname=pubmed_pubmed_citedin&from_uid=39068540'>Cited By, PMID</a>","<a href='https://scholar.google.com/scholar?hl=en&lr=&cites=https://pmc.ncbi.nlm.nih.gov/articles/PMC11652261/'>Cited By, Google</a>"," ",
"R01MH126821","Division of General Internal Medicine, Albert Einstein College of Medicine/Montefiore Medical Center, Bronx, NY, USA.","2025","Hayes, Benjamin T; Sanchez Fat, Guillermo; Torres-Lockhart, Kristine; Khalid, Laila; Minami, Haruka; Ghiroli, Megan; Hribar, Mary Beth; Pacifico, Jessica; Bao, Yuhua; Rodgers, Caryn R R; Gabbay, Vilma; Starrels, Joanna; Fox, Aaron D","United States","2976-7350","1","<a href='https://pubmed.ncbi.nlm.nih.gov/39068540'>Substance use & addiction journal</a>","Subst Use Addctn J","46","eng","184-191","11652261","39068540","2025 Jan","<a href='https://www.ncbi.nlm.nih.gov/pmc/articles/11652261'>Low-Dose Buprenorphine Initiation for Hospitalized Patients With Chronic Pain and Opioid Use Disorder or Opioid Misuse: Protocol for an Open-Label, Parallel-Group, Effectiveness-Implementation Randomized Controlled Trial.</a>","<a href='https://pubmed.ncbi.nlm.nih.gov/?Db=pubmed&DbFrom=pubmed&Cmd=Link&LinkName=pubmed_pubmed&IdsFromResult=39068540&ordinalpos=1&itool=EntrezSystem2.PEntrez.Pubmed.Pubmed_ResultsPanel.Pubmed_DiscoveryPanel.Pubmed_Discovery_RA&log$=relatedarticles&logdbfrom=pubmed'>Related, PubMed</a>","<a href='https://scholar.google.com/scholar?q=related:https://pmc.ncbi.nlm.nih.gov/articles/PMC11652261/'>Related, Google Scholar</a>","<a href='https://pubmed.ncbi.nlm.nih.gov/?linkname=pubmed_pubmed_citedin&from_uid=39068540'>Cited By, PMID</a>","<a href='https://scholar.google.com/scholar?hl=en&lr=&cites=https://pmc.ncbi.nlm.nih.gov/articles/PMC11652261/'>Cited By, Google</a>"," ",
"R01MH128425","Athinoula A. Martinos Center for Biomedical Imaging, Department of Radiology, Massachusetts General Hospital, Harvard Medical School, Charlestown, Massachusetts, USA.","2025","Zürcher, Nicole R; Chen, Jingyuan E; Wey, Hsiao-Ying","United States","1522-2586","2","<a href='https://pubmed.ncbi.nlm.nih.gov/38838352'>Journal of magnetic resonance imaging : JMRI</a>","J Magn Reson Imaging","61","eng","568-578","11617601","38838352","2025 Feb","PET-MRI Applications and Future Prospects in Psychiatry.","<a href='https://pubmed.ncbi.nlm.nih.gov/?Db=pubmed&DbFrom=pubmed&Cmd=Link&LinkName=pubmed_pubmed&IdsFromResult=38838352&ordinalpos=1&itool=EntrezSystem2.PEntrez.Pubmed.Pubmed_ResultsPanel.Pubmed_DiscoveryPanel.Pubmed_Discovery_RA&log$=relatedarticles&logdbfrom=pubmed'>Related, PubMed</a>","<a href='https://scholar.google.com/scholar?q=related:https://pmc.ncbi.nlm.nih.gov/articles/PMC11617601/'>Related, Google Scholar</a>","<a href='https://pubmed.ncbi.nlm.nih.gov/?linkname=pubmed_pubmed_citedin&from_uid=38838352'>Cited By, PMID</a>","<a href='https://scholar.google.com/scholar?hl=en&lr=&cites=https://pmc.ncbi.nlm.nih.gov/articles/PMC11617601/'>Cited By, Google</a>"," ",
"R01MH125902","Virginia Institute for Psychiatric and Behavior Genetics, Virginia Commonwealth University, Virginia, USA.","2025","Gillespie, Nathan A; Bell, Tyler R; Hearn, Gentry C; Hess, Jonathan L; Tsuang, Ming T; Lyons, Michael J; Franz, Carol E; Kremen, William S; Glatt, Stephen J","United States","1552-485X","1","<a href='https://pubmed.ncbi.nlm.nih.gov/39126209'>American journal of medical genetics. Part B, Neuropsychiatric genetics : the official publication of the International Society of Psychiatric Genetics</a>","Am J Med Genet B Neuropsychiatr Genet","198","eng","e33003"," ","39126209","2025 Jan","A twin analysis to estimate genetic and environmental factors contributing to variation in weighted gene co-expression network module eigengenes.","<a href='https://pubmed.ncbi.nlm.nih.gov/?Db=pubmed&DbFrom=pubmed&Cmd=Link&LinkName=pubmed_pubmed&IdsFromResult=39126209&ordinalpos=1&itool=EntrezSystem2.PEntrez.Pubmed.Pubmed_ResultsPanel.Pubmed_DiscoveryPanel.Pubmed_Discovery_RA&log$=relatedarticles&logdbfrom=pubmed'>Related, PubMed</a>","<a href='https://scholar.google.com/scholar?hl=en&q=A twin analysis to estimate genetic and environmental factors contributing to variation in weighted gene co-expression network module eigengenes.'>Related, Google Scholar</a>","<a href='https://pubmed.ncbi.nlm.nih.gov/?linkname=pubmed_pubmed_citedin&from_uid=39126209'>Cited By, PMID</a>"," "," ",
"R21MH135353","Department of Psychology, Purchase College, State University of New York, Purchase, NY, USA.","2025","Siegel, Paul; Peterson, Bradley S","England","1469-7610","1","<a href='https://pubmed.ncbi.nlm.nih.gov/39128857'>Journal of child psychology and psychiatry, and allied disciplines</a>","J Child Psychol Psychiatry","66","eng","98-121","11652263","39128857","2025 Jan","Advancing the treatment of anxiety disorders in transition-age youth: a review of the therapeutic effects of unconscious exposure.","<a href='https://pubmed.ncbi.nlm.nih.gov/?Db=pubmed&DbFrom=pubmed&Cmd=Link&LinkName=pubmed_pubmed&IdsFromResult=39128857&ordinalpos=1&itool=EntrezSystem2.PEntrez.Pubmed.Pubmed_ResultsPanel.Pubmed_DiscoveryPanel.Pubmed_Discovery_RA&log$=relatedarticles&logdbfrom=pubmed'>Related, PubMed</a>","<a href='https://scholar.google.com/scholar?q=related:https://pmc.ncbi.nlm.nih.gov/articles/PMC11652263/'>Related, Google Scholar</a>","<a href='https://pubmed.ncbi.nlm.nih.gov/?linkname=pubmed_pubmed_citedin&from_uid=39128857'>Cited By, PMID</a>","<a href='https://scholar.google.com/scholar?hl=en&lr=&cites=https://pmc.ncbi.nlm.nih.gov/articles/PMC11652263/'>Cited By, Google</a>"," ",
"R01MH122387","The University of Texas at Austin.","2025","Laing, Patrick A F; Dunsmoor, Joseph E","United States","1530-8898","1","<a href='https://pubmed.ncbi.nlm.nih.gov/39231276'>Journal of cognitive neuroscience</a>","J Cogn Neurosci","37","eng","110-134"," ","39231276","2025 Jan 02","Event Segmentation Promotes the Reorganization of Emotional Memory.","<a href='https://pubmed.ncbi.nlm.nih.gov/?Db=pubmed&DbFrom=pubmed&Cmd=Link&LinkName=pubmed_pubmed&IdsFromResult=39231276&ordinalpos=1&itool=EntrezSystem2.PEntrez.Pubmed.Pubmed_ResultsPanel.Pubmed_DiscoveryPanel.Pubmed_Discovery_RA&log$=relatedarticles&logdbfrom=pubmed'>Related, PubMed</a>","<a href='https://scholar.google.com/scholar?hl=en&q=Event Segmentation Promotes the Reorganization of Emotional Memory.'>Related, Google Scholar</a>","<a href='https://pubmed.ncbi.nlm.nih.gov/?linkname=pubmed_pubmed_citedin&from_uid=39231276'>Cited By, PMID</a>"," "," ",
"K01MH122735","Division of Biology & Biomedical Sciences, Neurosciences Program, Washington University in Saint Louis, St Louis, MO; Department of Psychiatry, Washington University in Saint Louis, St Louis, MO. Electronic address: leverett.s@wustl.edu.","2025","Leverett, Shelby D; Brady, Rebecca G; Tooley, Ursula A; Lean, Rachel E; Tillman, Rebecca; Wilson, Jillian; Ruscitti, Michayla; Triplett, Regina L; Alexopoulos, Dimitrios; Gerstein, Emily D; Smyser, Tara A; Warner, Barbara; Luby, Joan L; Smyser, Christopher D; Rogers, Cynthia E; Barch, Deanna M","United States","1097-6833"," ","<a href='https://pubmed.ncbi.nlm.nih.gov/39233119'>The Journal of pediatrics</a>","J Pediatr","276","eng","114289"," ","39233119","2025 Jan","Associations between Parenting and Cognitive and Language Abilities at 2 Years of Age Depend on Prenatal Exposure to Disadvantage.","<a href='https://pubmed.ncbi.nlm.nih.gov/?Db=pubmed&DbFrom=pubmed&Cmd=Link&LinkName=pubmed_pubmed&IdsFromResult=39233119&ordinalpos=1&itool=EntrezSystem2.PEntrez.Pubmed.Pubmed_ResultsPanel.Pubmed_DiscoveryPanel.Pubmed_Discovery_RA&log$=relatedarticles&logdbfrom=pubmed'>Related, PubMed</a>","<a href='https://scholar.google.com/scholar?hl=en&q=Associations between Parenting and Cognitive and Language Abilities at 2 Years of Age Depend on Prenatal Exposure to Disadvantage.'>Related, Google Scholar</a>","<a href='https://pubmed.ncbi.nlm.nih.gov/?linkname=pubmed_pubmed_citedin&from_uid=39233119'>Cited By, PMID</a>"," "," ",
"P30MH123248","From the Department of Medicine, University of Washington, Seattle, WA.","2025","Kwendakwema, C Natasha; Sabo, Michelle C; Roberts, Sarah T; Masese, Linnet; McClelland, R Scott; Shafi, Juma; Lehman, Dara A; Overbaugh, Julie; Graham, Susan M","United States","1537-4521","1","<a href='https://pubmed.ncbi.nlm.nih.gov/39235112'>Sexually transmitted diseases</a>","Sex Transm Dis","52","eng","29-36","11631680","39235112","2025 Jan 01","Sexual Violence, Genital Cytokines, and Colposcopy Findings: A Cross-Sectional Study of Women Engaged in Sex Work in Mombasa, Kenya.","<a href='https://pubmed.ncbi.nlm.nih.gov/?Db=pubmed&DbFrom=pubmed&Cmd=Link&LinkName=pubmed_pubmed&IdsFromResult=39235112&ordinalpos=1&itool=EntrezSystem2.PEntrez.Pubmed.Pubmed_ResultsPanel.Pubmed_DiscoveryPanel.Pubmed_Discovery_RA&log$=relatedarticles&logdbfrom=pubmed'>Related, PubMed</a>","<a href='https://scholar.google.com/scholar?q=related:https://pmc.ncbi.nlm.nih.gov/articles/PMC11631680/'>Related, Google Scholar</a>","<a href='https://pubmed.ncbi.nlm.nih.gov/?linkname=pubmed_pubmed_citedin&from_uid=39235112'>Cited By, PMID</a>","<a href='https://scholar.google.com/scholar?hl=en&lr=&cites=https://pmc.ncbi.nlm.nih.gov/articles/PMC11631680/'>Cited By, Google</a>"," ",
"K23MH123910","Department of Psychiatry and Behavioral Sciences, University of Minnesota Medical School, Minneapolis, MN, USA.","2025","Romano, Kelly A; Peterson, Carol B; Anderson, Lisa M; Heron, Kristin E","England","1099-0968","1","<a href='https://pubmed.ncbi.nlm.nih.gov/39258476'>European eating disorders review : the journal of the Eating Disorders Association</a>","Eur Eat Disord Rev","33","eng","133-147","11620919","39258476","2025 Jan","Affect and disordered eating behaviours in women's daily lives: The comparative explanatory roles of distinct momentary emotion dysregulation dimensions.","<a href='https://pubmed.ncbi.nlm.nih.gov/?Db=pubmed&DbFrom=pubmed&Cmd=Link&LinkName=pubmed_pubmed&IdsFromResult=39258476&ordinalpos=1&itool=EntrezSystem2.PEntrez.Pubmed.Pubmed_ResultsPanel.Pubmed_DiscoveryPanel.Pubmed_Discovery_RA&log$=relatedarticles&logdbfrom=pubmed'>Related, PubMed</a>","<a href='https://scholar.google.com/scholar?q=related:https://pmc.ncbi.nlm.nih.gov/articles/PMC11620919/'>Related, Google Scholar</a>","<a href='https://pubmed.ncbi.nlm.nih.gov/?linkname=pubmed_pubmed_citedin&from_uid=39258476'>Cited By, PMID</a>","<a href='https://scholar.google.com/scholar?hl=en&lr=&cites=https://pmc.ncbi.nlm.nih.gov/articles/PMC11620919/'>Cited By, Google</a>"," ",
"T32MH082761","Department of Psychiatry and Behavioral Sciences, University of Minnesota Medical School, Minneapolis, MN, USA.","2025","Romano, Kelly A; Peterson, Carol B; Anderson, Lisa M; Heron, Kristin E","England","1099-0968","1","<a href='https://pubmed.ncbi.nlm.nih.gov/39258476'>European eating disorders review : the journal of the Eating Disorders Association</a>","Eur Eat Disord Rev","33","eng","133-147","11620919","39258476","2025 Jan","Affect and disordered eating behaviours in women's daily lives: The comparative explanatory roles of distinct momentary emotion dysregulation dimensions.","<a href='https://pubmed.ncbi.nlm.nih.gov/?Db=pubmed&DbFrom=pubmed&Cmd=Link&LinkName=pubmed_pubmed&IdsFromResult=39258476&ordinalpos=1&itool=EntrezSystem2.PEntrez.Pubmed.Pubmed_ResultsPanel.Pubmed_DiscoveryPanel.Pubmed_Discovery_RA&log$=relatedarticles&logdbfrom=pubmed'>Related, PubMed</a>","<a href='https://scholar.google.com/scholar?q=related:https://pmc.ncbi.nlm.nih.gov/articles/PMC11620919/'>Related, Google Scholar</a>","<a href='https://pubmed.ncbi.nlm.nih.gov/?linkname=pubmed_pubmed_citedin&from_uid=39258476'>Cited By, PMID</a>","<a href='https://scholar.google.com/scholar?hl=en&lr=&cites=https://pmc.ncbi.nlm.nih.gov/articles/PMC11620919/'>Cited By, Google</a>"," ",
"R01MH127773","Fralin Biomedical Research Institute at VTC, Virginia Tech, Roanoke, VA, United States of America; Department of Psychology, Virginia Tech, Blacksburg, VA, United States of America.","2025","Bansal, Vansh; McCurry, Katherine L; Lisinski, Jonathan; Kim, Dong-Youl; Goyal, Shivani; Wang, John M; Lee, Jacob; Brown, Vanessa M; LaConte, Stephen M; Casas, Brooks; Chiu, Pearl H","Netherlands","1573-2517"," ","<a href='https://pubmed.ncbi.nlm.nih.gov/39271064'>Journal of affective disorders</a>","J Affect Disord","368","eng","829-837","11573115","39271064","2025 Jan 01","Reinforcement learning processes as forecasters of depression remission.","<a href='https://pubmed.ncbi.nlm.nih.gov/?Db=pubmed&DbFrom=pubmed&Cmd=Link&LinkName=pubmed_pubmed&IdsFromResult=39271064&ordinalpos=1&itool=EntrezSystem2.PEntrez.Pubmed.Pubmed_ResultsPanel.Pubmed_DiscoveryPanel.Pubmed_Discovery_RA&log$=relatedarticles&logdbfrom=pubmed'>Related, PubMed</a>","<a href='https://scholar.google.com/scholar?q=related:https://pmc.ncbi.nlm.nih.gov/articles/PMC11573115/'>Related, Google Scholar</a>","<a href='https://pubmed.ncbi.nlm.nih.gov/?linkname=pubmed_pubmed_citedin&from_uid=39271064'>Cited By, PMID</a>","<a href='https://scholar.google.com/scholar?hl=en&lr=&cites=https://pmc.ncbi.nlm.nih.gov/articles/PMC11573115/'>Cited By, Google</a>"," ",
"R01MH111578","Carver College of Medicine, University of Iowa, Iowa City, IA, USA.","2025","Deng, Lubin R; Harmata, Gail I S; Barsotti, Ercole John; Williams, Aislinn J; Christensen, Gary E; Voss, Michelle W; Saleem, Arshaq; Rivera-Dompenciel, Adriana M; Richards, Jenny Gringer; Sathyaputri, Leela; Mani, Merry; Abdolmotalleby, Hesam; Fiedorowicz, Jess G; Xu, Jia; Shaffer, Joseph J; Wemmie, John A; Magnotta, Vincent A","Netherlands","1573-2517"," ","<a href='https://pubmed.ncbi.nlm.nih.gov/39278469'>Journal of affective disorders</a>","J Affect Disord","368","eng","448-460","11560692","39278469","2025 Jan 01","Machine learning with multiple modalities of brain magnetic resonance imaging data to identify the presence of bipolar disorder.","<a href='https://pubmed.ncbi.nlm.nih.gov/?Db=pubmed&DbFrom=pubmed&Cmd=Link&LinkName=pubmed_pubmed&IdsFromResult=39278469&ordinalpos=1&itool=EntrezSystem2.PEntrez.Pubmed.Pubmed_ResultsPanel.Pubmed_DiscoveryPanel.Pubmed_Discovery_RA&log$=relatedarticles&logdbfrom=pubmed'>Related, PubMed</a>","<a href='https://scholar.google.com/scholar?q=related:https://pmc.ncbi.nlm.nih.gov/articles/PMC11560692/'>Related, Google Scholar</a>","<a href='https://pubmed.ncbi.nlm.nih.gov/?linkname=pubmed_pubmed_citedin&from_uid=39278469'>Cited By, PMID</a>","<a href='https://scholar.google.com/scholar?hl=en&lr=&cites=https://pmc.ncbi.nlm.nih.gov/articles/PMC11560692/'>Cited By, Google</a>"," ",
"T32MH019960","Brown School of Social Work, Washington University, St. Louis, Missouri, USA.","2025","Tuda, Daniela; Stefancic, Ana; Lam, Peter; John, Dolly; Sadaghiyani, Shima; Choo, Tse-Hwei; Galfalvy, Hanga; Coronel, Beatriz; Gil, Rosa; Lewis-Fernández, Roberto","England","1943-278X","1","<a href='https://pubmed.ncbi.nlm.nih.gov/38050824'>Suicide & life-threatening behavior</a>","Suicide Life Threat Behav","55","eng","e13027","11150327","38050824","2025 Feb","Life is precious: A quasi-experimental study of a community-based program to prevent suicide among Latina adolescents in New York City.","<a href='https://pubmed.ncbi.nlm.nih.gov/?Db=pubmed&DbFrom=pubmed&Cmd=Link&LinkName=pubmed_pubmed&IdsFromResult=38050824&ordinalpos=1&itool=EntrezSystem2.PEntrez.Pubmed.Pubmed_ResultsPanel.Pubmed_DiscoveryPanel.Pubmed_Discovery_RA&log$=relatedarticles&logdbfrom=pubmed'>Related, PubMed</a>","<a href='https://scholar.google.com/scholar?q=related:https://pmc.ncbi.nlm.nih.gov/articles/PMC11150327/'>Related, Google Scholar</a>","<a href='https://pubmed.ncbi.nlm.nih.gov/?linkname=pubmed_pubmed_citedin&from_uid=38050824'>Cited By, PMID</a>","<a href='https://scholar.google.com/scholar?hl=en&lr=&cites=https://pmc.ncbi.nlm.nih.gov/articles/PMC11150327/'>Cited By, Google</a>"," ",
"R01MH126951","Clinical Neurophysiology Research Laboratory, Western Psychiatric Hospital, University of Pittsburgh School of Medicine, Pittsburgh, PA, USA.","2025","López-Caballero, F; Auksztulewicz, R; Howard, Z; Rosch, R E; Todd, J; Salisbury, D F","United States","2169-5202","1","<a href='https://pubmed.ncbi.nlm.nih.gov/38533562'>Clinical EEG and neuroscience</a>","Clin EEG Neurosci","56","eng","22-34","11427614","38533562","2025 Jan","Computational Synaptic Modeling of Pitch and Duration Mismatch Negativity in First-Episode Psychosis Reveals Selective Dysfunction of the N-Methyl-D-Aspartate Receptor.","<a href='https://pubmed.ncbi.nlm.nih.gov/?Db=pubmed&DbFrom=pubmed&Cmd=Link&LinkName=pubmed_pubmed&IdsFromResult=38533562&ordinalpos=1&itool=EntrezSystem2.PEntrez.Pubmed.Pubmed_ResultsPanel.Pubmed_DiscoveryPanel.Pubmed_Discovery_RA&log$=relatedarticles&logdbfrom=pubmed'>Related, PubMed</a>","<a href='https://scholar.google.com/scholar?q=related:https://pmc.ncbi.nlm.nih.gov/articles/PMC11427614/'>Related, Google Scholar</a>","<a href='https://pubmed.ncbi.nlm.nih.gov/?linkname=pubmed_pubmed_citedin&from_uid=38533562'>Cited By, PMID</a>","<a href='https://scholar.google.com/scholar?hl=en&lr=&cites=https://pmc.ncbi.nlm.nih.gov/articles/PMC11427614/'>Cited By, Google</a>"," ",
"T32MH112510","Department of Neurology, Boston Children's Hospital, Boston, Massachusetts, USA.","2025","Haviland, Isabel; Hector, Ralph D; Swanson, Lindsay C; Verran, Aubrie Soucy; Sherrill, Emma; Frazier, Zoë; Denny, AnneMarie M; Lucash, Jenna; Zhang, Bo; Dubbs, Holly A; Marsh, Eric D; Weisenberg, Judith L; Leonard, Helen; Crippa, Milena; Cogliati, Francesca; Russo, Silvia; Suter, Bernhard; Rajaraman, Rajsekar; Percy, Alan K; Schreiber, John M; Demarest, Scott; Benke, Timothy A; Chopra, Maya; Yu, Timothy W; Olson, Heather E","United States","1552-4833","1","<a href='https://pubmed.ncbi.nlm.nih.gov/39205479'>American journal of medical genetics. Part A</a>","Am J Med Genet A","197","eng","e63843","11637933","39205479","2025 Jan","Deletions in the CDKL5 5' untranslated region lead to CDKL5 deficiency disorder.","<a href='https://pubmed.ncbi.nlm.nih.gov/?Db=pubmed&DbFrom=pubmed&Cmd=Link&LinkName=pubmed_pubmed&IdsFromResult=39205479&ordinalpos=1&itool=EntrezSystem2.PEntrez.Pubmed.Pubmed_ResultsPanel.Pubmed_DiscoveryPanel.Pubmed_Discovery_RA&log$=relatedarticles&logdbfrom=pubmed'>Related, PubMed</a>","<a href='https://scholar.google.com/scholar?q=related:https://pmc.ncbi.nlm.nih.gov/articles/PMC11637933/'>Related, Google Scholar</a>","<a href='https://pubmed.ncbi.nlm.nih.gov/?linkname=pubmed_pubmed_citedin&from_uid=39205479'>Cited By, PMID</a>","<a href='https://scholar.google.com/scholar?hl=en&lr=&cites=https://pmc.ncbi.nlm.nih.gov/articles/PMC11637933/'>Cited By, Google</a>"," ",
"U01MH119746","Department of Psychiatry, The Hospital for Sick Children, Toronto, ON, Canada. Jacob.vorstman@sickkids.ca.","2025","Vorstman, Jacob; Sebat, Jonathan; Bourque, Vincent-Raphaël; Jacquemont, Sébastien","England","1476-5578","1","<a href='https://pubmed.ncbi.nlm.nih.gov/39215185'>Molecular psychiatry</a>","Mol Psychiatry","30","eng","229-236"," ","39215185","2025 Jan","Integrative genetic analysis: cornerstone of precision psychiatry.","<a href='https://pubmed.ncbi.nlm.nih.gov/?Db=pubmed&DbFrom=pubmed&Cmd=Link&LinkName=pubmed_pubmed&IdsFromResult=39215185&ordinalpos=1&itool=EntrezSystem2.PEntrez.Pubmed.Pubmed_ResultsPanel.Pubmed_DiscoveryPanel.Pubmed_Discovery_RA&log$=relatedarticles&logdbfrom=pubmed'>Related, PubMed</a>","<a href='https://scholar.google.com/scholar?hl=en&q=Integrative genetic analysis: cornerstone of precision psychiatry.'>Related, Google Scholar</a>","<a href='https://pubmed.ncbi.nlm.nih.gov/?linkname=pubmed_pubmed_citedin&from_uid=39215185'>Cited By, PMID</a>"," "," ",
"T32MH017119","Department of Psychiatry, School of Medicine, College of Health Sciences, Addis Ababa University, Addis Ababa, Ethiopia.","2025","Yared, Mahlet; Kim, Hannah H; Ametaj, Amantia; Alemayehu, Melkam; Stevenson, Anne; Milkias, Barkot; Girma, Engida; Gelaye, Bizu; Teferra, Solomon","Australia","1751-7893","1","<a href='https://pubmed.ncbi.nlm.nih.gov/39223760'>Early intervention in psychiatry</a>","Early Interv Psychiatry","19","eng","e13609","11729251","39223760","2025 Jan","<a href='https://www.ncbi.nlm.nih.gov/pmc/articles/11729251'>An Item Response Theory Analysis of the Psychosis Screening Questionnaire in Ethiopia.</a>","<a href='https://pubmed.ncbi.nlm.nih.gov/?Db=pubmed&DbFrom=pubmed&Cmd=Link&LinkName=pubmed_pubmed&IdsFromResult=39223760&ordinalpos=1&itool=EntrezSystem2.PEntrez.Pubmed.Pubmed_ResultsPanel.Pubmed_DiscoveryPanel.Pubmed_Discovery_RA&log$=relatedarticles&logdbfrom=pubmed'>Related, PubMed</a>","<a href='https://scholar.google.com/scholar?q=related:https://pmc.ncbi.nlm.nih.gov/articles/PMC11729251/'>Related, Google Scholar</a>","<a href='https://pubmed.ncbi.nlm.nih.gov/?linkname=pubmed_pubmed_citedin&from_uid=39223760'>Cited By, PMID</a>","<a href='https://scholar.google.com/scholar?hl=en&lr=&cites=https://pmc.ncbi.nlm.nih.gov/articles/PMC11729251/'>Cited By, Google</a>"," ",
"R01MH126940","Department of Psychiatry and Human Behavior, Alpert Medical School of Brown University, Providence, RI, USA. jessica_peters@brown.edu.","2025","Peters, Jessica R; Schmalenberger, Katja M; Eng, Ashley G; Stumper, Allison; Martel, Michelle M; Eisenlohr-Moul, Tory A","England","1476-5578","1","<a href='https://pubmed.ncbi.nlm.nih.gov/39143323'>Molecular psychiatry</a>","Mol Psychiatry","30","eng","251-262"," ","39143323","2025 Jan","Dimensional Affective Sensitivity to Hormones across the Menstrual Cycle (DASH-MC): A transdiagnostic framework for ovarian steroid influences on psychopathology.","<a href='https://pubmed.ncbi.nlm.nih.gov/?Db=pubmed&DbFrom=pubmed&Cmd=Link&LinkName=pubmed_pubmed&IdsFromResult=39143323&ordinalpos=1&itool=EntrezSystem2.PEntrez.Pubmed.Pubmed_ResultsPanel.Pubmed_DiscoveryPanel.Pubmed_Discovery_RA&log$=relatedarticles&logdbfrom=pubmed'>Related, PubMed</a>","<a href='https://scholar.google.com/scholar?hl=en&q=Dimensional Affective Sensitivity to Hormones across the Menstrual Cycle (DASH-MC): A transdiagnostic framework for ovarian steroid influences on psychopathology.'>Related, Google Scholar</a>","<a href='https://pubmed.ncbi.nlm.nih.gov/?linkname=pubmed_pubmed_citedin&from_uid=39143323'>Cited By, PMID</a>"," "," ",
"R37MH117103","Department of Pediatrics, Children's Healthcare of Atlanta, Emory University School of Medicine, Atlanta, GA, USA.","2025","Butkovich, Laura M; Yount, Sophie T; Allen, Aylet T; Seo, Esther H; Swanson, Andrew M; Gourley, Shannon L","England","2045-2322","1","<a href='https://pubmed.ncbi.nlm.nih.gov/39805892'>Scientific reports</a>","Sci Rep","15","eng","1863","11730666","39805892","2025 Jan 13","<a href='https://www.ncbi.nlm.nih.gov/pmc/articles/11730666'>Action inflexibility and compulsive-like behavior accompany neurobiological alterations in the anterior orbitofrontal cortex and associated striatal nuclei.</a>","<a href='https://pubmed.ncbi.nlm.nih.gov/?Db=pubmed&DbFrom=pubmed&Cmd=Link&LinkName=pubmed_pubmed&IdsFromResult=39805892&ordinalpos=1&itool=EntrezSystem2.PEntrez.Pubmed.Pubmed_ResultsPanel.Pubmed_DiscoveryPanel.Pubmed_Discovery_RA&log$=relatedarticles&logdbfrom=pubmed'>Related, PubMed</a>","<a href='https://scholar.google.com/scholar?q=related:https://pmc.ncbi.nlm.nih.gov/articles/PMC11730666/'>Related, Google Scholar</a>","<a href='https://pubmed.ncbi.nlm.nih.gov/?linkname=pubmed_pubmed_citedin&from_uid=39805892'>Cited By, PMID</a>","<a href='https://scholar.google.com/scholar?hl=en&lr=&cites=https://pmc.ncbi.nlm.nih.gov/articles/PMC11730666/'>Cited By, Google</a>"," ",
"R01MH122869","National Centre for Register-based Research, Aarhus University, Fuglesangs Allé 26, 8210, Aarhus V, Denmark. mgm.ncrr@au.dk.","2025","Madsen, Malene Galle; Zhu, Jin Liang; Munk-Olsen, Trine; Wimberley, Theresa; Larsson, Henrik; Rommel, Anna-Sophie; Liu, Xiaoqin; Kjeldsen, Mette-Marie Zacher; Kittel-Schneider, Sarah; Bergink, Veerle; Madsen, Kathrine Bang","Switzerland","1179-2019"," ","<a href='https://pubmed.ncbi.nlm.nih.gov/39806199'>Paediatric drugs</a>","Paediatr Drugs"," ","eng"," "," ","39806199","2025 Jan 13","Prevalence and Temporal Trends of Attention Deficit Hyperactivity Disorder Medication Fills During Pregnancy and Breastfeeding in Denmark.","<a href='https://pubmed.ncbi.nlm.nih.gov/?Db=pubmed&DbFrom=pubmed&Cmd=Link&LinkName=pubmed_pubmed&IdsFromResult=39806199&ordinalpos=1&itool=EntrezSystem2.PEntrez.Pubmed.Pubmed_ResultsPanel.Pubmed_DiscoveryPanel.Pubmed_Discovery_RA&log$=relatedarticles&logdbfrom=pubmed'>Related, PubMed</a>","<a href='https://scholar.google.com/scholar?hl=en&q=Prevalence and Temporal Trends of Attention Deficit Hyperactivity Disorder Medication Fills During Pregnancy and Breastfeeding in Denmark.'>Related, Google Scholar</a>","<a href='https://pubmed.ncbi.nlm.nih.gov/?linkname=pubmed_pubmed_citedin&from_uid=39806199'>Cited By, PMID</a>"," "," ",
"K99MH131850","Department of Clinical Neuropsychology, Faculty of Health Sciences, Collegium Medicum in Bydgoszcz, Nicolaus Copernicus University in Torun, Toruń, Poland.","2025","Szwed, Magdalena; Falkowski, Adrian; Seitz-Holland, Johanna; Borkowska, Alina; Michalik, Maciej; Kubicki, Marek; Szwed, Krzysztof","England","1463-1326"," ","<a href='https://pubmed.ncbi.nlm.nih.gov/39823163'>Diabetes, obesity & metabolism</a>","Diabetes Obes Metab"," ","eng"," "," ","39823163","2025 Jan 16","Exploring the link between inflammation and brain function after metabolic-bariatric surgery: A year-long fMRI study.","<a href='https://pubmed.ncbi.nlm.nih.gov/?Db=pubmed&DbFrom=pubmed&Cmd=Link&LinkName=pubmed_pubmed&IdsFromResult=39823163&ordinalpos=1&itool=EntrezSystem2.PEntrez.Pubmed.Pubmed_ResultsPanel.Pubmed_DiscoveryPanel.Pubmed_Discovery_RA&log$=relatedarticles&logdbfrom=pubmed'>Related, PubMed</a>","<a href='https://scholar.google.com/scholar?hl=en&q=Exploring the link between inflammation and brain function after metabolic-bariatric surgery: A year-long fMRI study.'>Related, Google Scholar</a>","<a href='https://pubmed.ncbi.nlm.nih.gov/?linkname=pubmed_pubmed_citedin&from_uid=39823163'>Cited By, PMID</a>"," "," ",
"P50MH106438","Department of Internal Medicine, Division of Rheumatology, Allergy, and Clinical Immunology, University of California, Davis, CA, USA; Department of Neurology and Neurological Sciences, Stanford University School of Medicine, Palo Alto, CA, USA.","2025","Kim, Danielle Hj; Croen, Lisa A; Iosif, Ana-Maria; Ames, Jennifer L; Alexeeff, Stacey; Qian, Yinge; Yolken, Robert H; Ashwood, Paul; Van de Water, Judy","Netherlands","1090-2139"," ","<a href='https://pubmed.ncbi.nlm.nih.gov/39532198'>Brain, behavior, and immunity</a>","Brain Behav Immun","123","eng","1071-1080","11684471","39532198","2025 Jan","<a href='https://www.ncbi.nlm.nih.gov/pmc/articles/11684471'>The association of maternal COVID-19-infection during pregnancy on the neonatal immune profile and associations with later diagnosis of neurodevelopmental disorders.</a>","<a href='https://pubmed.ncbi.nlm.nih.gov/?Db=pubmed&DbFrom=pubmed&Cmd=Link&LinkName=pubmed_pubmed&IdsFromResult=39532198&ordinalpos=1&itool=EntrezSystem2.PEntrez.Pubmed.Pubmed_ResultsPanel.Pubmed_DiscoveryPanel.Pubmed_Discovery_RA&log$=relatedarticles&logdbfrom=pubmed'>Related, PubMed</a>","<a href='https://scholar.google.com/scholar?q=related:https://pmc.ncbi.nlm.nih.gov/articles/PMC11684471/'>Related, Google Scholar</a>","<a href='https://pubmed.ncbi.nlm.nih.gov/?linkname=pubmed_pubmed_citedin&from_uid=39532198'>Cited By, PMID</a>","<a href='https://scholar.google.com/scholar?hl=en&lr=&cites=https://pmc.ncbi.nlm.nih.gov/articles/PMC11684471/'>Cited By, Google</a>"," ",
"R01MH123652","Laureate Institute for Brain Research, Tulsa OK, USA; Oxley College of Health and Natural Sciences, The University of Tulsa, Tulsa OK, USA. Electronic address: jsavitz@laureateinstitute.org.","2025","Savitz, Jonathan; McKinney, Brett A; Meier, Timothy B; Zheng, Haixia; Ford, Bart N; Yolken, Robert H; Teague, T Kent; Cole, Steve W","Netherlands","1090-2139"," ","<a href='https://pubmed.ncbi.nlm.nih.gov/39532200'>Brain, behavior, and immunity</a>","Brain Behav Immun","123","eng","1052-1060","11624063","39532200","2025 Jan","Nuclear factor kappa-B cell (NF-κB), interferon regulatory Factor, and glucocorticoid receptor pathway activation in major depressive Disorder: The role of cytomegalovirus infection.","<a href='https://pubmed.ncbi.nlm.nih.gov/?Db=pubmed&DbFrom=pubmed&Cmd=Link&LinkName=pubmed_pubmed&IdsFromResult=39532200&ordinalpos=1&itool=EntrezSystem2.PEntrez.Pubmed.Pubmed_ResultsPanel.Pubmed_DiscoveryPanel.Pubmed_Discovery_RA&log$=relatedarticles&logdbfrom=pubmed'>Related, PubMed</a>","<a href='https://scholar.google.com/scholar?q=related:https://pmc.ncbi.nlm.nih.gov/articles/PMC11624063/'>Related, Google Scholar</a>","<a href='https://pubmed.ncbi.nlm.nih.gov/?linkname=pubmed_pubmed_citedin&from_uid=39532200'>Cited By, PMID</a>","<a href='https://scholar.google.com/scholar?hl=en&lr=&cites=https://pmc.ncbi.nlm.nih.gov/articles/PMC11624063/'>Cited By, Google</a>"," ",
"R01MH119132","Department of Psychiatry and Behavioral Sciences, Dell Medical School, University of Texas at Austin, Austin, TX, 78701, USA.","2025","Morris, Kierra R; Jaeb, Michael; Dunsmoor, Joseph E; Stowe, Zachary N; Cisler, Josh M","England","1740-634X","3","<a href='https://pubmed.ncbi.nlm.nih.gov/39562628'>Neuropsychopharmacology : official publication of the American College of Neuropsychopharmacology</a>","Neuropsychopharmacology","50","eng","568-575","11735932","39562628","2025 Feb","Decoding threat neurocircuitry representations during traumatic memory recall in PTSD.","<a href='https://pubmed.ncbi.nlm.nih.gov/?Db=pubmed&DbFrom=pubmed&Cmd=Link&LinkName=pubmed_pubmed&IdsFromResult=39562628&ordinalpos=1&itool=EntrezSystem2.PEntrez.Pubmed.Pubmed_ResultsPanel.Pubmed_DiscoveryPanel.Pubmed_Discovery_RA&log$=relatedarticles&logdbfrom=pubmed'>Related, PubMed</a>","<a href='https://scholar.google.com/scholar?q=related:https://pmc.ncbi.nlm.nih.gov/articles/PMC11735932/'>Related, Google Scholar</a>","<a href='https://pubmed.ncbi.nlm.nih.gov/?linkname=pubmed_pubmed_citedin&from_uid=39562628'>Cited By, PMID</a>","<a href='https://scholar.google.com/scholar?hl=en&lr=&cites=https://pmc.ncbi.nlm.nih.gov/articles/PMC11735932/'>Cited By, Google</a>"," ",
"R01MH132784","Department of Psychiatry and Behavioral Sciences, Dell Medical School, University of Texas at Austin, Austin, TX, 78701, USA.","2025","Morris, Kierra R; Jaeb, Michael; Dunsmoor, Joseph E; Stowe, Zachary N; Cisler, Josh M","England","1740-634X","3","<a href='https://pubmed.ncbi.nlm.nih.gov/39562628'>Neuropsychopharmacology : official publication of the American College of Neuropsychopharmacology</a>","Neuropsychopharmacology","50","eng","568-575","11735932","39562628","2025 Feb","Decoding threat neurocircuitry representations during traumatic memory recall in PTSD.","<a href='https://pubmed.ncbi.nlm.nih.gov/?Db=pubmed&DbFrom=pubmed&Cmd=Link&LinkName=pubmed_pubmed&IdsFromResult=39562628&ordinalpos=1&itool=EntrezSystem2.PEntrez.Pubmed.Pubmed_ResultsPanel.Pubmed_DiscoveryPanel.Pubmed_Discovery_RA&log$=relatedarticles&logdbfrom=pubmed'>Related, PubMed</a>","<a href='https://scholar.google.com/scholar?q=related:https://pmc.ncbi.nlm.nih.gov/articles/PMC11735932/'>Related, Google Scholar</a>","<a href='https://pubmed.ncbi.nlm.nih.gov/?linkname=pubmed_pubmed_citedin&from_uid=39562628'>Cited By, PMID</a>","<a href='https://scholar.google.com/scholar?hl=en&lr=&cites=https://pmc.ncbi.nlm.nih.gov/articles/PMC11735932/'>Cited By, Google</a>"," ",
"R25MH136652","Department of Sociology, Texas State University, USA; Institute for Social Research, University of Michigan, USA. Electronic address: skim182@txstate.edu.","2025","Kim, Seoyoun; Halvorsen, Cal; Potter, Claire; Faul, Jessica","England","1873-5347"," ","<a href='https://pubmed.ncbi.nlm.nih.gov/39579436'>Social science & medicine (1982)</a>","Soc Sci Med","364","eng","117501","11720946","39579436","2025 Jan","<a href='https://www.ncbi.nlm.nih.gov/pmc/articles/11720946'>Does volunteering reduce epigenetic age acceleration among retired and working older adults? Results from the Health and Retirement Study.</a>","<a href='https://pubmed.ncbi.nlm.nih.gov/?Db=pubmed&DbFrom=pubmed&Cmd=Link&LinkName=pubmed_pubmed&IdsFromResult=39579436&ordinalpos=1&itool=EntrezSystem2.PEntrez.Pubmed.Pubmed_ResultsPanel.Pubmed_DiscoveryPanel.Pubmed_Discovery_RA&log$=relatedarticles&logdbfrom=pubmed'>Related, PubMed</a>","<a href='https://scholar.google.com/scholar?q=related:https://pmc.ncbi.nlm.nih.gov/articles/PMC11720946/'>Related, Google Scholar</a>","<a href='https://pubmed.ncbi.nlm.nih.gov/?linkname=pubmed_pubmed_citedin&from_uid=39579436'>Cited By, PMID</a>","<a href='https://scholar.google.com/scholar?hl=en&lr=&cites=https://pmc.ncbi.nlm.nih.gov/articles/PMC11720946/'>Cited By, Google</a>"," ",
"R01MH118827","Waisman Center, University of Wisconsin-Madison, Madison, WI, 53705, USA.","2025","Guo, Yu; Zhao, Xinyu","Germany","1432-0878","1","<a href='https://pubmed.ncbi.nlm.nih.gov/39585363'>Cell and tissue research</a>","Cell Tissue Res","399","eng","1-8"," ","39585363","2025 Jan","CRISPR-based genetic screens in human pluripotent stem cells derived neurons and brain organoids.","<a href='https://pubmed.ncbi.nlm.nih.gov/?Db=pubmed&DbFrom=pubmed&Cmd=Link&LinkName=pubmed_pubmed&IdsFromResult=39585363&ordinalpos=1&itool=EntrezSystem2.PEntrez.Pubmed.Pubmed_ResultsPanel.Pubmed_DiscoveryPanel.Pubmed_Discovery_RA&log$=relatedarticles&logdbfrom=pubmed'>Related, PubMed</a>","<a href='https://scholar.google.com/scholar?hl=en&q=CRISPR-based genetic screens in human pluripotent stem cells derived neurons and brain organoids.'>Related, Google Scholar</a>","<a href='https://pubmed.ncbi.nlm.nih.gov/?linkname=pubmed_pubmed_citedin&from_uid=39585363'>Cited By, PMID</a>"," "," ",
"R01MH123482","Department of Psychology, Mississippi State University, Mississippi State, MS, United States; Department of Psychiatry and Behavioral Health, The Ohio State University Wexner Medical Center, Columbus, OH, United States. Electronic address: mrg463@msstate.edu.","2025","Gallagher, Michael R; Collins, Amanda C; Lekkas, Damien; Nemesure, Matthew D; Griffin, Tess Z; Price, George D; Heinz, Michael V; Pillai, Arvind; Nepal, Subigya; Mackin, Daniel M; Campbell, Andrew T; Winer, E Samuel; Jacobson, Nicholas C","Netherlands","1573-2517"," ","<a href='https://pubmed.ncbi.nlm.nih.gov/39603513'>Journal of affective disorders</a>","J Affect Disord","372","eng","27-36","11729491","39603513","2025 Mar 01","Anhedonia in flux: Understanding the associations of emotion regulation and anxiety with anhedonia dynamics in a sample with major depressive disorder.","<a href='https://pubmed.ncbi.nlm.nih.gov/?Db=pubmed&DbFrom=pubmed&Cmd=Link&LinkName=pubmed_pubmed&IdsFromResult=39603513&ordinalpos=1&itool=EntrezSystem2.PEntrez.Pubmed.Pubmed_ResultsPanel.Pubmed_DiscoveryPanel.Pubmed_Discovery_RA&log$=relatedarticles&logdbfrom=pubmed'>Related, PubMed</a>","<a href='https://scholar.google.com/scholar?q=related:https://pmc.ncbi.nlm.nih.gov/articles/PMC11729491/'>Related, Google Scholar</a>","<a href='https://pubmed.ncbi.nlm.nih.gov/?linkname=pubmed_pubmed_citedin&from_uid=39603513'>Cited By, PMID</a>","<a href='https://scholar.google.com/scholar?hl=en&lr=&cites=https://pmc.ncbi.nlm.nih.gov/articles/PMC11729491/'>Cited By, Google</a>"," ",
"R01MH123610","Tri-Institutional Center for Translational Research in Neuroimaging and Data Science(TReNDS), Georgia State University, Georgia Institute of Technology, and Emory University, 55 Park Pl NE, Atlanta, 30303, GA, USA. Electronic address: majith@gsu.edu.","2025","Ajith, Meenu; Spence, Jeffrey S; Chapman, Sandra B; Calhoun, Vince D","Netherlands","1872-678X"," ","<a href='https://pubmed.ncbi.nlm.nih.gov/39608579'>Journal of neuroscience methods</a>","J Neurosci Methods","414","eng","110322","11687617","39608579","2025 Feb","Multimodal predictive modeling: Scalable imaging informed approaches to predict future brain health.","<a href='https://pubmed.ncbi.nlm.nih.gov/?Db=pubmed&DbFrom=pubmed&Cmd=Link&LinkName=pubmed_pubmed&IdsFromResult=39608579&ordinalpos=1&itool=EntrezSystem2.PEntrez.Pubmed.Pubmed_ResultsPanel.Pubmed_DiscoveryPanel.Pubmed_Discovery_RA&log$=relatedarticles&logdbfrom=pubmed'>Related, PubMed</a>","<a href='https://scholar.google.com/scholar?q=related:https://pmc.ncbi.nlm.nih.gov/articles/PMC11687617/'>Related, Google Scholar</a>","<a href='https://pubmed.ncbi.nlm.nih.gov/?linkname=pubmed_pubmed_citedin&from_uid=39608579'>Cited By, PMID</a>","<a href='https://scholar.google.com/scholar?hl=en&lr=&cites=https://pmc.ncbi.nlm.nih.gov/articles/PMC11687617/'>Cited By, Google</a>"," ",
"R25MH087217","Arjee Javellana Restar, Grace Wang, Karen Ashley, and April Joy Damian are with the Moses Weitzman Health System, Weitzman Institute, Washington, DC. Arjee Javellana Restar is also with the Department of Social and Behavioral Sciences, Yale University, New Haven, CT. Kellan Baker is with the Center for Lesbian, Gay, Bisexual, and Transgender Health and Wellbeing, Whitman-Walker Institute, Washington, DC.","2025","Restar, Arjee Javellana; Baker, Kellan; Wang, Grace; Ashley, Karen; Damian, April Joy","United States","1541-0048","1","<a href='https://pubmed.ncbi.nlm.nih.gov/39631084'>American journal of public health</a>","Am J Public Health","115","eng","34-36","11628707","39631084","2025 Jan","<a href='https://www.ncbi.nlm.nih.gov/pmc/articles/11628707'>Community Health Workers as Catalysts for Mental Health Promotion in Transgender and Nonbinary Communities.</a>","<a href='https://pubmed.ncbi.nlm.nih.gov/?Db=pubmed&DbFrom=pubmed&Cmd=Link&LinkName=pubmed_pubmed&IdsFromResult=39631084&ordinalpos=1&itool=EntrezSystem2.PEntrez.Pubmed.Pubmed_ResultsPanel.Pubmed_DiscoveryPanel.Pubmed_Discovery_RA&log$=relatedarticles&logdbfrom=pubmed'>Related, PubMed</a>","<a href='https://scholar.google.com/scholar?q=related:https://pmc.ncbi.nlm.nih.gov/articles/PMC11628707/'>Related, Google Scholar</a>","<a href='https://pubmed.ncbi.nlm.nih.gov/?linkname=pubmed_pubmed_citedin&from_uid=39631084'>Cited By, PMID</a>","<a href='https://scholar.google.com/scholar?hl=en&lr=&cites=https://pmc.ncbi.nlm.nih.gov/articles/PMC11628707/'>Cited By, Google</a>"," ",
"R01MH060941","Department of Psychology and Center for Brain Science, Harvard University, Cambridge, Massachusetts, USA.","2025","Schacter, Daniel L","United States","1098-1063","1","<a href='https://pubmed.ncbi.nlm.nih.gov/39644280'>Hippocampus</a>","Hippocampus","35","eng","e23657","11634042","39644280","2025 Jan","Explicit Memory, Implicit Memory, and the Hippocampus: Insights From Early Neuroimaging Studies.","<a href='https://pubmed.ncbi.nlm.nih.gov/?Db=pubmed&DbFrom=pubmed&Cmd=Link&LinkName=pubmed_pubmed&IdsFromResult=39644280&ordinalpos=1&itool=EntrezSystem2.PEntrez.Pubmed.Pubmed_ResultsPanel.Pubmed_DiscoveryPanel.Pubmed_Discovery_RA&log$=relatedarticles&logdbfrom=pubmed'>Related, PubMed</a>","<a href='https://scholar.google.com/scholar?q=related:https://pmc.ncbi.nlm.nih.gov/articles/PMC11634042/'>Related, Google Scholar</a>","<a href='https://pubmed.ncbi.nlm.nih.gov/?linkname=pubmed_pubmed_citedin&from_uid=39644280'>Cited By, PMID</a>","<a href='https://scholar.google.com/scholar?hl=en&lr=&cites=https://pmc.ncbi.nlm.nih.gov/articles/PMC11634042/'>Cited By, Google</a>"," ",
"R01MH118203","Department of Ecology and Evolution, University of Lausanne, Lausanne, Switzerland.","2025","Motes-Rodrigo, Alba; Albery, Gregory F; Negron-Del Valle, Josue E; Philips, Daniel; Cayo Biobank Research Unit; Platt, Michael L; Brent, Lauren J N; Testard, Camille","England","1461-0248","1","<a href='https://pubmed.ncbi.nlm.nih.gov/39737674'>Ecology letters</a>","Ecol Lett","28","eng","e70000","11694834","39737674","2025 Jan","A Natural Disaster Exacerbates and Redistributes Disease Risk Among Free-Ranging Macaques by Altering Social Structure.","<a href='https://pubmed.ncbi.nlm.nih.gov/?Db=pubmed&DbFrom=pubmed&Cmd=Link&LinkName=pubmed_pubmed&IdsFromResult=39737674&ordinalpos=1&itool=EntrezSystem2.PEntrez.Pubmed.Pubmed_ResultsPanel.Pubmed_DiscoveryPanel.Pubmed_Discovery_RA&log$=relatedarticles&logdbfrom=pubmed'>Related, PubMed</a>","<a href='https://scholar.google.com/scholar?q=related:https://pmc.ncbi.nlm.nih.gov/articles/PMC11694834/'>Related, Google Scholar</a>","<a href='https://pubmed.ncbi.nlm.nih.gov/?linkname=pubmed_pubmed_citedin&from_uid=39737674'>Cited By, PMID</a>","<a href='https://scholar.google.com/scholar?hl=en&lr=&cites=https://pmc.ncbi.nlm.nih.gov/articles/PMC11694834/'>Cited By, Google</a>"," ",
"R01MH118249","Department of Psychiatry and Behavioral Sciences, Baylor College of Medicine, Houston, TX, 77030, USA.","2025","Rast, Catherine E; Musci, Rashelle; Abramowitz, Jonathan S; Nestadt, Gerald; Kimmel, Mary C; Dibbs, Tracey; Osborne, Lauren M; Samuels, Jack; Krasnow, Janice; Storch, Eric A","Austria","1435-1102"," ","<a href='https://pubmed.ncbi.nlm.nih.gov/39745521'>Archives of women's mental health</a>","Arch Womens Ment Health"," ","eng"," "," ","39745521","2025 Jan 02","Psychometric evaluation of the Yale-Brown Obsessive-Compulsive Scale in pregnant women.","<a href='https://pubmed.ncbi.nlm.nih.gov/?Db=pubmed&DbFrom=pubmed&Cmd=Link&LinkName=pubmed_pubmed&IdsFromResult=39745521&ordinalpos=1&itool=EntrezSystem2.PEntrez.Pubmed.Pubmed_ResultsPanel.Pubmed_DiscoveryPanel.Pubmed_Discovery_RA&log$=relatedarticles&logdbfrom=pubmed'>Related, PubMed</a>","<a href='https://scholar.google.com/scholar?hl=en&q=Psychometric evaluation of the Yale-Brown Obsessive-Compulsive Scale in pregnant women.'>Related, Google Scholar</a>","<a href='https://pubmed.ncbi.nlm.nih.gov/?linkname=pubmed_pubmed_citedin&from_uid=39745521'>Cited By, PMID</a>"," "," ",
"R15MH125305","Department of Molecular, Cellular, and Biomedical Sciences, College of Life Sciences and Agriculture, University of New Hampshire, Durham, NH, 03824, USA. mstrobel@bwh.harvard.edu.","2025","Strobel, Matthew R; Zhou, Yuxin; Qiu, Liyan; Hofer, Aldebaran M; Chen, Xuanmao","England","2045-2322","1","<a href='https://pubmed.ncbi.nlm.nih.gov/39747370'>Scientific reports</a>","Sci Rep","15","eng","347","11697071","39747370","2025 Jan 02","<a href='https://www.ncbi.nlm.nih.gov/pmc/articles/11697071'>Temporal ablation of the ciliary protein IFT88 alters normal brainwave patterns.</a>","<a href='https://pubmed.ncbi.nlm.nih.gov/?Db=pubmed&DbFrom=pubmed&Cmd=Link&LinkName=pubmed_pubmed&IdsFromResult=39747370&ordinalpos=1&itool=EntrezSystem2.PEntrez.Pubmed.Pubmed_ResultsPanel.Pubmed_DiscoveryPanel.Pubmed_Discovery_RA&log$=relatedarticles&logdbfrom=pubmed'>Related, PubMed</a>","<a href='https://scholar.google.com/scholar?q=related:https://pmc.ncbi.nlm.nih.gov/articles/PMC11697071/'>Related, Google Scholar</a>","<a href='https://pubmed.ncbi.nlm.nih.gov/?linkname=pubmed_pubmed_citedin&from_uid=39747370'>Cited By, PMID</a>","<a href='https://scholar.google.com/scholar?hl=en&lr=&cites=https://pmc.ncbi.nlm.nih.gov/articles/PMC11697071/'>Cited By, Google</a>"," ",
"R01MH092931","Institute for Stem Cell Biology and Regenerative Medicine, Stanford University School of Medicine, Stanford, CA, 94305, USA.","2025","Wang, Jinzhao; Sudhof, Thomas; Wernig, Marius","England","1469-3178"," ","<a href='https://pubmed.ncbi.nlm.nih.gov/39747663'>EMBO reports</a>","EMBO Rep"," ","eng"," "," ","39747663","2025 Jan 02","Distinct mechanisms control the specific synaptic functions of Neuroligin 1 and Neuroligin 2.","<a href='https://pubmed.ncbi.nlm.nih.gov/?Db=pubmed&DbFrom=pubmed&Cmd=Link&LinkName=pubmed_pubmed&IdsFromResult=39747663&ordinalpos=1&itool=EntrezSystem2.PEntrez.Pubmed.Pubmed_ResultsPanel.Pubmed_DiscoveryPanel.Pubmed_Discovery_RA&log$=relatedarticles&logdbfrom=pubmed'>Related, PubMed</a>","<a href='https://scholar.google.com/scholar?hl=en&q=Distinct mechanisms control the specific synaptic functions of Neuroligin 1 and Neuroligin 2.'>Related, Google Scholar</a>","<a href='https://pubmed.ncbi.nlm.nih.gov/?linkname=pubmed_pubmed_citedin&from_uid=39747663'>Cited By, PMID</a>"," "," ",
"R01MH124752","Department of Obstetrics and Gynecology, University of North Carolina School of Medicine, University of North Carolina, Chapel Hill, NC.","2025","Miller, Vanessa E; Fitch, Kate Vinita; Swilley-Martinez, Monica E; Agha, Erum; Alam, Ishrat Z; Kavee, Andrew L; Cooper, Toska; Gaynes, Bradley N; Carey, Timothy S; Goldston, David B; Ranapurwala, Shabbar I; Pence, Brian W","United States","1938-744X"," ","<a href='https://pubmed.ncbi.nlm.nih.gov/39749790'>Disaster medicine and public health preparedness</a>","Disaster Med Public Health Prep","18","eng","e335"," ","39749790","2025 Jan 03","Impact of Hurricanes and Floodings on Mental Health Outcomes Within the United States: A Systematic Review and Meta-Analysis.","<a href='https://pubmed.ncbi.nlm.nih.gov/?Db=pubmed&DbFrom=pubmed&Cmd=Link&LinkName=pubmed_pubmed&IdsFromResult=39749790&ordinalpos=1&itool=EntrezSystem2.PEntrez.Pubmed.Pubmed_ResultsPanel.Pubmed_DiscoveryPanel.Pubmed_Discovery_RA&log$=relatedarticles&logdbfrom=pubmed'>Related, PubMed</a>","<a href='https://scholar.google.com/scholar?hl=en&q=Impact of Hurricanes and Floodings on Mental Health Outcomes Within the United States: A Systematic Review and Meta-Analysis.'>Related, Google Scholar</a>","<a href='https://pubmed.ncbi.nlm.nih.gov/?linkname=pubmed_pubmed_citedin&from_uid=39749790'>Cited By, PMID</a>"," "," ",
"K23MH127420","Department of Psychiatry, University of Pittsburgh School of Medicine, Pittsburgh, PA, USA. madsleach10@gmail.com.","2025","Leach, Madison; Mazefsky, Carla A; Northrup, Jessie B","United States","1573-3432"," ","<a href='https://pubmed.ncbi.nlm.nih.gov/39754655'>Journal of autism and developmental disorders</a>","J Autism Dev Disord"," ","eng"," "," ","39754655","2025 Jan 04","Parents' Early Concerns about Their Child with Autism: Relation to Age of Diagnosis.","<a href='https://pubmed.ncbi.nlm.nih.gov/?Db=pubmed&DbFrom=pubmed&Cmd=Link&LinkName=pubmed_pubmed&IdsFromResult=39754655&ordinalpos=1&itool=EntrezSystem2.PEntrez.Pubmed.Pubmed_ResultsPanel.Pubmed_DiscoveryPanel.Pubmed_Discovery_RA&log$=relatedarticles&logdbfrom=pubmed'>Related, PubMed</a>","<a href='https://scholar.google.com/scholar?hl=en&q=Parents' Early Concerns about Their Child with Autism: Relation to Age of Diagnosis.'>Related, Google Scholar</a>","<a href='https://pubmed.ncbi.nlm.nih.gov/?linkname=pubmed_pubmed_citedin&from_uid=39754655'>Cited By, PMID</a>"," "," ",
"R25MH101072","Prevencasa A.C. Harm Reduction Clinic, Tijuana, Baja California, Mexico. liliapacheco@prevencasa.org.","2025","Bufanda, Lilia Pacheco; Montoya, Alejando González; Carrillo, Brenda Torres; Tejeda, Mariana Alejandra Gonzalez; Segovia, Luis A; Calderón-Villarreal, Alhelí; Friedman, Joseph R","England","1477-7517","1","<a href='https://pubmed.ncbi.nlm.nih.gov/39755636'>Harm reduction journal</a>","Harm Reduct J","22","eng","2","11699760","39755636","2025 Jan 04","<a href='https://www.ncbi.nlm.nih.gov/pmc/articles/11699760'>Managing xylazine-involved overdoses in a community harm reduction setting: lessons from Tijuana, Mexico.</a>","<a href='https://pubmed.ncbi.nlm.nih.gov/?Db=pubmed&DbFrom=pubmed&Cmd=Link&LinkName=pubmed_pubmed&IdsFromResult=39755636&ordinalpos=1&itool=EntrezSystem2.PEntrez.Pubmed.Pubmed_ResultsPanel.Pubmed_DiscoveryPanel.Pubmed_Discovery_RA&log$=relatedarticles&logdbfrom=pubmed'>Related, PubMed</a>","<a href='https://scholar.google.com/scholar?q=related:https://pmc.ncbi.nlm.nih.gov/articles/PMC11699760/'>Related, Google Scholar</a>","<a href='https://pubmed.ncbi.nlm.nih.gov/?linkname=pubmed_pubmed_citedin&from_uid=39755636'>Cited By, PMID</a>","<a href='https://scholar.google.com/scholar?hl=en&lr=&cites=https://pmc.ncbi.nlm.nih.gov/articles/PMC11699760/'>Cited By, Google</a>"," ",
"R01MH123724","Department of Medical Biochemistry and Biophysics, Karolinska Institutet, Stockholm, Sweden.","2025","Yao, Shuyang; Harder, Arvid; Darki, Fahimeh; Chang, Yu-Wei; Li, Ang; Nikouei, Kasra; Volpe, Giovanni; Lundström, Johan N; Zeng, Jian; Wray, Naomi R; Lu, Yi; Sullivan, Patrick F; Hjerling-Leffler, Jens","England","2041-1723","1","<a href='https://pubmed.ncbi.nlm.nih.gov/39755698'>Nature communications</a>","Nat Commun","16","eng","395","11700164","39755698","2025 Jan 04","<a href='https://www.ncbi.nlm.nih.gov/pmc/articles/11700164'>Connecting genomic results for psychiatric disorders to human brain cell types and regions reveals convergence with functional connectivity.</a>","<a href='https://pubmed.ncbi.nlm.nih.gov/?Db=pubmed&DbFrom=pubmed&Cmd=Link&LinkName=pubmed_pubmed&IdsFromResult=39755698&ordinalpos=1&itool=EntrezSystem2.PEntrez.Pubmed.Pubmed_ResultsPanel.Pubmed_DiscoveryPanel.Pubmed_Discovery_RA&log$=relatedarticles&logdbfrom=pubmed'>Related, PubMed</a>","<a href='https://scholar.google.com/scholar?q=related:https://pmc.ncbi.nlm.nih.gov/articles/PMC11700164/'>Related, Google Scholar</a>","<a href='https://pubmed.ncbi.nlm.nih.gov/?linkname=pubmed_pubmed_citedin&from_uid=39755698'>Cited By, PMID</a>","<a href='https://scholar.google.com/scholar?hl=en&lr=&cites=https://pmc.ncbi.nlm.nih.gov/articles/PMC11700164/'>Cited By, Google</a>"," ",
"R01MH134004","Amsterdam UMC, Department of Radiology and Nuclear Medicine, University of Amsterdam, Amsterdam, the Netherlands.","2025","Poirot, Maarten G; Boucherie, Daphne E; Caan, Matthan W A; Goya-Maldonado, Roberto; Belov, Vladimir; Corruble, Emmanuelle; Colle, Romain; Couvy-Duchesne, Baptiste; Kamishikiryo, Toshiharu; Shinzato, Hotaka; Ichikawa, Naho; Okada, Go; Okamoto, Yasumasa; Harrison, Ben J; Davey, Christopher G; Jamieson, Alec J; Cullen, Kathryn R; Başgöze, Zeynep; Klimes-Dougan, Bonnie; Mueller, Bryon A; Benedetti, Francesco; Poletti, Sara; Melloni, Elisa M T; Ching, Christopher R K; Zeng, Ling-Li; Radua, Joaquim; Han, Laura K M; Jahanshad, Neda; Thomopoulos, Sophia I; Pozzi, Elena; Veltman, Dick J; Schmaal, Lianne; Thompson, Paul M; Ruhe, Henricus G; Reneman, Liesbeth; Schrantee, Anouk","United States","1097-0193","1","<a href='https://pubmed.ncbi.nlm.nih.gov/39757979'>Human brain mapping</a>","Hum Brain Mapp","46","eng","e70053","11702469","39757979","2025 Jan","<a href='https://www.ncbi.nlm.nih.gov/pmc/articles/11702469'>Predicting Antidepressant Treatment Response From Cortical Structure on MRI: A Mega-Analysis From the ENIGMA-MDD Working Group.</a>","<a href='https://pubmed.ncbi.nlm.nih.gov/?Db=pubmed&DbFrom=pubmed&Cmd=Link&LinkName=pubmed_pubmed&IdsFromResult=39757979&ordinalpos=1&itool=EntrezSystem2.PEntrez.Pubmed.Pubmed_ResultsPanel.Pubmed_DiscoveryPanel.Pubmed_Discovery_RA&log$=relatedarticles&logdbfrom=pubmed'>Related, PubMed</a>","<a href='https://scholar.google.com/scholar?q=related:https://pmc.ncbi.nlm.nih.gov/articles/PMC11702469/'>Related, Google Scholar</a>","<a href='https://pubmed.ncbi.nlm.nih.gov/?linkname=pubmed_pubmed_citedin&from_uid=39757979'>Cited By, PMID</a>","<a href='https://scholar.google.com/scholar?hl=en&lr=&cites=https://pmc.ncbi.nlm.nih.gov/articles/PMC11702469/'>Cited By, Google</a>"," ",
"R01MH078829","Department of Psychiatry and Behavioral Sciences, Boston Children's Hospital, Boston, Massachusetts, USA.","2025","Sacks, Dashiell D; Levin, April R; Nelson, Charles A; Bosquet Enlow, Michelle","United States","1469-8986","1","<a href='https://pubmed.ncbi.nlm.nih.gov/39760248'>Psychophysiology</a>","Psychophysiology","62","eng","e14757"," ","39760248","2025 Jan","Associations Among EEG Aperiodic Slope, Infant Temperament, and Maternal Anxiety/Depression Symptoms in Infancy.","<a href='https://pubmed.ncbi.nlm.nih.gov/?Db=pubmed&DbFrom=pubmed&Cmd=Link&LinkName=pubmed_pubmed&IdsFromResult=39760248&ordinalpos=1&itool=EntrezSystem2.PEntrez.Pubmed.Pubmed_ResultsPanel.Pubmed_DiscoveryPanel.Pubmed_Discovery_RA&log$=relatedarticles&logdbfrom=pubmed'>Related, PubMed</a>","<a href='https://scholar.google.com/scholar?hl=en&q=Associations Among EEG Aperiodic Slope, Infant Temperament, and Maternal Anxiety/Depression Symptoms in Infancy.'>Related, Google Scholar</a>","<a href='https://pubmed.ncbi.nlm.nih.gov/?linkname=pubmed_pubmed_citedin&from_uid=39760248'>Cited By, PMID</a>"," "," ",
"T32MH019836","Women's Health Sciences Division of the National Center for PTSD, VA Boston Healthcare System, Boston, Massachusetts, USA.","2025","Taverna, Emily; Iverson, Katherine M; Kumar, Shaina A; Vogt, Dawne; Mitchell, Karen S","England","1532-2998","1","<a href='https://pubmed.ncbi.nlm.nih.gov/39760934'>Stress and health : journal of the International Society for the Investigation of Stress</a>","Stress Health","41","eng","e3526"," ","39760934","2025 Feb","Beyond Physical and Mental Health: The Broader Impacts of Intimate Partner Violence on Psychosocial Well-Being Among Women and Men Veterans.","<a href='https://pubmed.ncbi.nlm.nih.gov/?Db=pubmed&DbFrom=pubmed&Cmd=Link&LinkName=pubmed_pubmed&IdsFromResult=39760934&ordinalpos=1&itool=EntrezSystem2.PEntrez.Pubmed.Pubmed_ResultsPanel.Pubmed_DiscoveryPanel.Pubmed_Discovery_RA&log$=relatedarticles&logdbfrom=pubmed'>Related, PubMed</a>","<a href='https://scholar.google.com/scholar?hl=en&q=Beyond Physical and Mental Health: The Broader Impacts of Intimate Partner Violence on Psychosocial Well-Being Among Women and Men Veterans.'>Related, Google Scholar</a>","<a href='https://pubmed.ncbi.nlm.nih.gov/?linkname=pubmed_pubmed_citedin&from_uid=39760934'>Cited By, PMID</a>"," "," ",
"R01MH132620","University of Houston, Houston, Texas, USA.","2025","Boone, Kiran; Babinski, Dara; Kujawa, Autumn; Pegg, Samantha; Sharp, Carla","England","1932-863X","1","<a href='https://pubmed.ncbi.nlm.nih.gov/39763020'>Personality and mental health</a>","Personal Ment Health","19","eng","e70000"," ","39763020","2025 Feb","The incremental validity of level of personality functioning over borderline personality features in associations with early adolescent social reward processing.","<a href='https://pubmed.ncbi.nlm.nih.gov/?Db=pubmed&DbFrom=pubmed&Cmd=Link&LinkName=pubmed_pubmed&IdsFromResult=39763020&ordinalpos=1&itool=EntrezSystem2.PEntrez.Pubmed.Pubmed_ResultsPanel.Pubmed_DiscoveryPanel.Pubmed_Discovery_RA&log$=relatedarticles&logdbfrom=pubmed'>Related, PubMed</a>","<a href='https://scholar.google.com/scholar?hl=en&q=The incremental validity of level of personality functioning over borderline personality features in associations with early adolescent social reward processing.'>Related, Google Scholar</a>","<a href='https://pubmed.ncbi.nlm.nih.gov/?linkname=pubmed_pubmed_citedin&from_uid=39763020'>Cited By, PMID</a>"," "," ",
"R01MH129371","Department of Biomedical Engineering, Yale University, New Haven, Connecticut, USA.","2025","Khan, Muhammad H; Walsh, John J; Kurdi, Sara; Mishra, Sandeep Kumar; Mihailović, Jelena M; Coman, Daniel; Hyder, Fahmeed","England","1099-1492","2","<a href='https://pubmed.ncbi.nlm.nih.gov/39764672'>NMR in biomedicine</a>","NMR Biomed","38","eng","e5319"," ","39764672","2025 Feb","Sorafenib Alters Interstitial Proton and Sodium Levels in the Tumor Microenvironment: A 1H/23Na Spectroscopic Imaging Study.","<a href='https://pubmed.ncbi.nlm.nih.gov/?Db=pubmed&DbFrom=pubmed&Cmd=Link&LinkName=pubmed_pubmed&IdsFromResult=39764672&ordinalpos=1&itool=EntrezSystem2.PEntrez.Pubmed.Pubmed_ResultsPanel.Pubmed_DiscoveryPanel.Pubmed_Discovery_RA&log$=relatedarticles&logdbfrom=pubmed'>Related, PubMed</a>","<a href='https://scholar.google.com/scholar?hl=en&q=Sorafenib Alters Interstitial Proton and Sodium Levels in the Tumor Microenvironment: A 1H/23Na Spectroscopic Imaging Study.'>Related, Google Scholar</a>","<a href='https://pubmed.ncbi.nlm.nih.gov/?linkname=pubmed_pubmed_citedin&from_uid=39764672'>Cited By, PMID</a>"," "," ",
"R01MH133730","School of Psychological Sciences, University of Melbourne, Parkville, Australia.","2025","Tashjian, Sarah M; Cussen, Joseph; Deng, Wenning; Zhang, Bo; Mobbs, Dean","United States","1545-7885","1","<a href='https://pubmed.ncbi.nlm.nih.gov/39804855'>PLoS biology</a>","PLoS Biol","23","eng","e3002986","11730396","39804855","2025 Jan","<a href='https://www.ncbi.nlm.nih.gov/pmc/articles/11730396'>Subregions in the ventromedial prefrontal cortex integrate threat and protective information to meta-represent safety.</a>","<a href='https://pubmed.ncbi.nlm.nih.gov/?Db=pubmed&DbFrom=pubmed&Cmd=Link&LinkName=pubmed_pubmed&IdsFromResult=39804855&ordinalpos=1&itool=EntrezSystem2.PEntrez.Pubmed.Pubmed_ResultsPanel.Pubmed_DiscoveryPanel.Pubmed_Discovery_RA&log$=relatedarticles&logdbfrom=pubmed'>Related, PubMed</a>","<a href='https://scholar.google.com/scholar?q=related:https://pmc.ncbi.nlm.nih.gov/articles/PMC11730396/'>Related, Google Scholar</a>","<a href='https://pubmed.ncbi.nlm.nih.gov/?linkname=pubmed_pubmed_citedin&from_uid=39804855'>Cited By, PMID</a>","<a href='https://scholar.google.com/scholar?hl=en&lr=&cites=https://pmc.ncbi.nlm.nih.gov/articles/PMC11730396/'>Cited By, Google</a>"," ",
"P50MH132642","Department of Psychology, University of Pennsylvania, Philadelphia, PA 19104.","2025","Meyer, Emily E; Martynek, Marcelina; Kastner, Sabine; Livingstone, Margaret S; Arcaro, Michael J","United States","1091-6490","3","<a href='https://pubmed.ncbi.nlm.nih.gov/39805017'>Proceedings of the National Academy of Sciences of the United States of America</a>","Proc Natl Acad Sci U S A","122","eng","e2421585122"," ","39805017","2025 Jan 21","Expansion of a conserved architecture drives the evolution of the primate visual cortex.","<a href='https://pubmed.ncbi.nlm.nih.gov/?Db=pubmed&DbFrom=pubmed&Cmd=Link&LinkName=pubmed_pubmed&IdsFromResult=39805017&ordinalpos=1&itool=EntrezSystem2.PEntrez.Pubmed.Pubmed_ResultsPanel.Pubmed_DiscoveryPanel.Pubmed_Discovery_RA&log$=relatedarticles&logdbfrom=pubmed'>Related, PubMed</a>","<a href='https://scholar.google.com/scholar?hl=en&q=Expansion of a conserved architecture drives the evolution of the primate visual cortex.'>Related, Google Scholar</a>","<a href='https://pubmed.ncbi.nlm.nih.gov/?linkname=pubmed_pubmed_citedin&from_uid=39805017'>Cited By, PMID</a>"," "," ",
"R01MH129970","Department of Anesthesiology and Critical Care Medicine, The Children's Hospital of Philadelphia Research Institute, Philadelphia, Pennsylvania, USA.","2025","Yun, Sanghee; Kiffer, Frederico C; Bancroft, Grace L; Guzman, Caterina S; Soler, Ivan; Haas, Harley A; Shi, Raymon; Patel, Riya; Lara-Jiménez, Jaysen; Kumar, Priya L; Tran, Fionya H; Ahn, Kyung Jin; Rong, Yuying; Luitel, Krishna; Shay, Jerry W; Eisch, Amelia J","England","1471-4159","1","<a href='https://pubmed.ncbi.nlm.nih.gov/39318241'>Journal of neurochemistry</a>","J Neurochem","169","eng","e16225","11658192","39318241","2025 Jan","<a href='https://www.ncbi.nlm.nih.gov/pmc/articles/11658192'>The longitudinal behavioral effects of acute exposure to galactic cosmic radiation in female C57BL/6J mice: Implications for deep space missions, female crews, and potential antioxidant countermeasures.</a>","<a href='https://pubmed.ncbi.nlm.nih.gov/?Db=pubmed&DbFrom=pubmed&Cmd=Link&LinkName=pubmed_pubmed&IdsFromResult=39318241&ordinalpos=1&itool=EntrezSystem2.PEntrez.Pubmed.Pubmed_ResultsPanel.Pubmed_DiscoveryPanel.Pubmed_Discovery_RA&log$=relatedarticles&logdbfrom=pubmed'>Related, PubMed</a>","<a href='https://scholar.google.com/scholar?q=related:https://pmc.ncbi.nlm.nih.gov/articles/PMC11658192/'>Related, Google Scholar</a>","<a href='https://pubmed.ncbi.nlm.nih.gov/?linkname=pubmed_pubmed_citedin&from_uid=39318241'>Cited By, PMID</a>","<a href='https://scholar.google.com/scholar?hl=en&lr=&cites=https://pmc.ncbi.nlm.nih.gov/articles/PMC11658192/'>Cited By, Google</a>"," ",
"K23MH130718","Yale University, School of Medicine, New Haven, CT, United States of America. Electronic address: bryan.benitez@yale.edu.","2025","Benitez, Bryan; Loya, Jennifer M; Jaramillo, Yudilyn; Muro-Rodriguez, Nancy J; Rojas Perez, Oscar F; Nich, Charla; Frankforter, Tami; Paris, Manuel; Kiluk, Brian D","United States","2949-8759"," ","<a href='https://pubmed.ncbi.nlm.nih.gov/39374899'>Journal of substance use and addiction treatment</a>","J Subst Use Addict Treat","168","eng","209536","11624081","39374899","2025 Jan","Improvement in coping skills from culturally-adapted digital CBT for Spanish-speaking Hispanics with substance use disorder: Secondary analysis of a randomized clinical trial.","<a href='https://pubmed.ncbi.nlm.nih.gov/?Db=pubmed&DbFrom=pubmed&Cmd=Link&LinkName=pubmed_pubmed&IdsFromResult=39374899&ordinalpos=1&itool=EntrezSystem2.PEntrez.Pubmed.Pubmed_ResultsPanel.Pubmed_DiscoveryPanel.Pubmed_Discovery_RA&log$=relatedarticles&logdbfrom=pubmed'>Related, PubMed</a>","<a href='https://scholar.google.com/scholar?q=related:https://pmc.ncbi.nlm.nih.gov/articles/PMC11624081/'>Related, Google Scholar</a>","<a href='https://pubmed.ncbi.nlm.nih.gov/?linkname=pubmed_pubmed_citedin&from_uid=39374899'>Cited By, PMID</a>","<a href='https://scholar.google.com/scholar?hl=en&lr=&cites=https://pmc.ncbi.nlm.nih.gov/articles/PMC11624081/'>Cited By, Google</a>"," ",
"R21MH130767","Virginia Consortium Program in Clinical Psychology, Old Dominion University, United States of America. Electronic address: hullsunday@gmail.com.","2025","Hull, Sunday; Origlio, Julianne; Noyola, Nestor; Henin, Aude; Liu, Richard T","Netherlands","1573-2517"," ","<a href='https://pubmed.ncbi.nlm.nih.gov/39389112'>Journal of affective disorders</a>","J Affect Disord","369","eng","467-474","11608133","39389112","2025 Jan 15","Dimensions of experienced gender and prospective self-injurious thoughts and behaviors in preadolescent children: A national study.","<a href='https://pubmed.ncbi.nlm.nih.gov/?Db=pubmed&DbFrom=pubmed&Cmd=Link&LinkName=pubmed_pubmed&IdsFromResult=39389112&ordinalpos=1&itool=EntrezSystem2.PEntrez.Pubmed.Pubmed_ResultsPanel.Pubmed_DiscoveryPanel.Pubmed_Discovery_RA&log$=relatedarticles&logdbfrom=pubmed'>Related, PubMed</a>","<a href='https://scholar.google.com/scholar?q=related:https://pmc.ncbi.nlm.nih.gov/articles/PMC11608133/'>Related, Google Scholar</a>","<a href='https://pubmed.ncbi.nlm.nih.gov/?linkname=pubmed_pubmed_citedin&from_uid=39389112'>Cited By, PMID</a>","<a href='https://scholar.google.com/scholar?hl=en&lr=&cites=https://pmc.ncbi.nlm.nih.gov/articles/PMC11608133/'>Cited By, Google</a>"," ",
"R01MH126105","Division of Systems Neuroscience, Department of Psychiatry, Columbia University, and Research Foundation for Mental Hygiene, Inc. (RFMH), New York State Psychiatric Institute (NYSPI), New York, NY, 10032, USA.","2025","Dixon, Rushell; Malave, Lauren; Thompson, Rory; Wu, Serena; Li, Yifei; Sadik, Noah; Anacker, Christoph","England","1740-634X","3","<a href='https://pubmed.ncbi.nlm.nih.gov/39396089'>Neuropsychopharmacology : official publication of the American College of Neuropsychopharmacology</a>","Neuropsychopharmacology","50","eng","507-518","11736140","39396089","2025 Feb","<a href='https://www.ncbi.nlm.nih.gov/pmc/articles/11736140'>Sex-specific and developmental effects of early life adversity on stress reactivity are rescued by postnatal knockdown of 5-HT1A autoreceptors.</a>","<a href='https://pubmed.ncbi.nlm.nih.gov/?Db=pubmed&DbFrom=pubmed&Cmd=Link&LinkName=pubmed_pubmed&IdsFromResult=39396089&ordinalpos=1&itool=EntrezSystem2.PEntrez.Pubmed.Pubmed_ResultsPanel.Pubmed_DiscoveryPanel.Pubmed_Discovery_RA&log$=relatedarticles&logdbfrom=pubmed'>Related, PubMed</a>","<a href='https://scholar.google.com/scholar?q=related:https://pmc.ncbi.nlm.nih.gov/articles/PMC11736140/'>Related, Google Scholar</a>","<a href='https://pubmed.ncbi.nlm.nih.gov/?linkname=pubmed_pubmed_citedin&from_uid=39396089'>Cited By, PMID</a>","<a href='https://scholar.google.com/scholar?hl=en&lr=&cites=https://pmc.ncbi.nlm.nih.gov/articles/PMC11736140/'>Cited By, Google</a>"," ",
"T32MH122394","Department of Population Health Sciences, Weill Cornell Medicine, New York, NY 10065, USA.","2025","Patra, Braja Gopal; Lepow, Lauren A; Kasi Reddy Jagadeesh Kumar, Praneet; Vekaria, Veer; Sharma, Mohit Manoj; Adekkanattu, Prakash; Fennessy, Brian; Hynes, Gavin; Landi, Isotta; Sanchez-Ruiz, Jorge A; Ryu, Euijung; Biernacka, Joanna M; Nadkarni, Girish N; Talati, Ardesheer; Weissman, Myrna; Olfson, Mark; Mann, J John; Zhang, Yiye; Charney, Alexander W; Pathak, Jyotishman","England","1527-974X","1","<a href='https://pubmed.ncbi.nlm.nih.gov/39423850'>Journal of the American Medical Informatics Association : JAMIA</a>","J Am Med Inform Assoc","32","eng","218-226","11648716","39423850","2025 Jan 01","Extracting social support and social isolation information from clinical psychiatry notes: comparing a rule-based natural language processing system and a large language model.","<a href='https://pubmed.ncbi.nlm.nih.gov/?Db=pubmed&DbFrom=pubmed&Cmd=Link&LinkName=pubmed_pubmed&IdsFromResult=39423850&ordinalpos=1&itool=EntrezSystem2.PEntrez.Pubmed.Pubmed_ResultsPanel.Pubmed_DiscoveryPanel.Pubmed_Discovery_RA&log$=relatedarticles&logdbfrom=pubmed'>Related, PubMed</a>","<a href='https://scholar.google.com/scholar?q=related:https://pmc.ncbi.nlm.nih.gov/articles/PMC11648716/'>Related, Google Scholar</a>","<a href='https://pubmed.ncbi.nlm.nih.gov/?linkname=pubmed_pubmed_citedin&from_uid=39423850'>Cited By, PMID</a>","<a href='https://scholar.google.com/scholar?hl=en&lr=&cites=https://pmc.ncbi.nlm.nih.gov/articles/PMC11648716/'>Cited By, Google</a>"," ",
"DP2MH129967","Suzanne Dworak-Peck School of Social Work, University of Southern California, Los Angeles, CA, USA.","2025","Ward, Jeanne M; Blosnich, John R; Dean-Witt, Cheryl","England","1545-0813","1","<a href='https://pubmed.ncbi.nlm.nih.gov/39440398'>Journal of agromedicine</a>","J Agromedicine","30","eng","153-164","11659030","39440398","2025 Jan","Concept Analysis: Challenge Coins as a Caring Support Tool to Prevent Farmer Suicide.","<a href='https://pubmed.ncbi.nlm.nih.gov/?Db=pubmed&DbFrom=pubmed&Cmd=Link&LinkName=pubmed_pubmed&IdsFromResult=39440398&ordinalpos=1&itool=EntrezSystem2.PEntrez.Pubmed.Pubmed_ResultsPanel.Pubmed_DiscoveryPanel.Pubmed_Discovery_RA&log$=relatedarticles&logdbfrom=pubmed'>Related, PubMed</a>","<a href='https://scholar.google.com/scholar?q=related:https://pmc.ncbi.nlm.nih.gov/articles/PMC11659030/'>Related, Google Scholar</a>","<a href='https://pubmed.ncbi.nlm.nih.gov/?linkname=pubmed_pubmed_citedin&from_uid=39440398'>Cited By, PMID</a>","<a href='https://scholar.google.com/scholar?hl=en&lr=&cites=https://pmc.ncbi.nlm.nih.gov/articles/PMC11659030/'>Cited By, Google</a>"," ",
"T32MH016259","Department of Psychiatry, Harvard Medical School.","2025","Chung, Yoonho; Girard, Jeffrey M; Ravichandran, Caitlin; Öngür, Dost; Cohen, Bruce M; Baker, Justin T","United States","2769-755X","1","<a href='https://pubmed.ncbi.nlm.nih.gov/39446623'>Journal of psychopathology and clinical science</a>","J Psychopathol Clin Sci","134","eng","81-96"," ","39446623","2025 Jan","Transdiagnostic modeling of clinician-rated symptoms in affective and nonaffective psychotic disorders.","<a href='https://pubmed.ncbi.nlm.nih.gov/?Db=pubmed&DbFrom=pubmed&Cmd=Link&LinkName=pubmed_pubmed&IdsFromResult=39446623&ordinalpos=1&itool=EntrezSystem2.PEntrez.Pubmed.Pubmed_ResultsPanel.Pubmed_DiscoveryPanel.Pubmed_Discovery_RA&log$=relatedarticles&logdbfrom=pubmed'>Related, PubMed</a>","<a href='https://scholar.google.com/scholar?hl=en&q=Transdiagnostic modeling of clinician-rated symptoms in affective and nonaffective psychotic disorders.'>Related, Google Scholar</a>","<a href='https://pubmed.ncbi.nlm.nih.gov/?linkname=pubmed_pubmed_citedin&from_uid=39446623'>Cited By, PMID</a>"," "," ",
"R01MH125740","Department of Psychiatry, Harvard Medical School.","2025","Chung, Yoonho; Girard, Jeffrey M; Ravichandran, Caitlin; Öngür, Dost; Cohen, Bruce M; Baker, Justin T","United States","2769-755X","1","<a href='https://pubmed.ncbi.nlm.nih.gov/39446623'>Journal of psychopathology and clinical science</a>","J Psychopathol Clin Sci","134","eng","81-96"," ","39446623","2025 Jan","Transdiagnostic modeling of clinician-rated symptoms in affective and nonaffective psychotic disorders.","<a href='https://pubmed.ncbi.nlm.nih.gov/?Db=pubmed&DbFrom=pubmed&Cmd=Link&LinkName=pubmed_pubmed&IdsFromResult=39446623&ordinalpos=1&itool=EntrezSystem2.PEntrez.Pubmed.Pubmed_ResultsPanel.Pubmed_DiscoveryPanel.Pubmed_Discovery_RA&log$=relatedarticles&logdbfrom=pubmed'>Related, PubMed</a>","<a href='https://scholar.google.com/scholar?hl=en&q=Transdiagnostic modeling of clinician-rated symptoms in affective and nonaffective psychotic disorders.'>Related, Google Scholar</a>","<a href='https://pubmed.ncbi.nlm.nih.gov/?linkname=pubmed_pubmed_citedin&from_uid=39446623'>Cited By, PMID</a>"," "," ",
"K23MH131601","Department of Psychiatry, University of Pennsylvania, 3535 Market St., Philadelphia, PA 19104, United States. Electronic address: jrgolds2@pennmedicine.upenn.edu.","2025","Goldschmied, Jennifer R; Palermo, Emma; Sperry, Sarah; Burgess, Helen J; McCarthy, Michael; Yocum, Anastasia; McInnis, Melvin; Gehrman, Philip","Netherlands","1573-2517"," ","<a href='https://pubmed.ncbi.nlm.nih.gov/39447967'>Journal of affective disorders</a>","J Affect Disord","369","eng","1131-1135","11608134","39447967","2025 Jan 15","Seasonal variation in mood among individuals with and without bipolar disorder.","<a href='https://pubmed.ncbi.nlm.nih.gov/?Db=pubmed&DbFrom=pubmed&Cmd=Link&LinkName=pubmed_pubmed&IdsFromResult=39447967&ordinalpos=1&itool=EntrezSystem2.PEntrez.Pubmed.Pubmed_ResultsPanel.Pubmed_DiscoveryPanel.Pubmed_Discovery_RA&log$=relatedarticles&logdbfrom=pubmed'>Related, PubMed</a>","<a href='https://scholar.google.com/scholar?q=related:https://pmc.ncbi.nlm.nih.gov/articles/PMC11608134/'>Related, Google Scholar</a>","<a href='https://pubmed.ncbi.nlm.nih.gov/?linkname=pubmed_pubmed_citedin&from_uid=39447967'>Cited By, PMID</a>","<a href='https://scholar.google.com/scholar?hl=en&lr=&cites=https://pmc.ncbi.nlm.nih.gov/articles/PMC11608134/'>Cited By, Google</a>"," ",
"R01MH106595","Division of Genetic Medicine, Department of Medicine, Vanderbilt University Medical Center, Nashville, Tennessee.","2025","Lake, Allison M; Zhou, Yu; Wang, Bo; Actkins, Ky'Era V; Zhang, Yingzhe; Shelley, John P; Rajamani, Anindita; Steigman, Michael; Kennedy, Chris J; Smoller, Jordan W; Choi, Karmel W; Khankari, Nikhil K; Davis, Lea K","United States","2168-6238","1","<a href='https://pubmed.ncbi.nlm.nih.gov/39475956'>JAMA psychiatry</a>","JAMA Psychiatry","82","eng","75-84","11581726","39475956","2025 Jan 01","<a href='https://www.ncbi.nlm.nih.gov/pmc/articles/11581726'>Sexual Trauma, Polygenic Scores, and Mental Health Diagnoses and Outcomes.</a>","<a href='https://pubmed.ncbi.nlm.nih.gov/?Db=pubmed&DbFrom=pubmed&Cmd=Link&LinkName=pubmed_pubmed&IdsFromResult=39475956&ordinalpos=1&itool=EntrezSystem2.PEntrez.Pubmed.Pubmed_ResultsPanel.Pubmed_DiscoveryPanel.Pubmed_Discovery_RA&log$=relatedarticles&logdbfrom=pubmed'>Related, PubMed</a>","<a href='https://scholar.google.com/scholar?q=related:https://pmc.ncbi.nlm.nih.gov/articles/PMC11581726/'>Related, Google Scholar</a>","<a href='https://pubmed.ncbi.nlm.nih.gov/?linkname=pubmed_pubmed_citedin&from_uid=39475956'>Cited By, PMID</a>","<a href='https://scholar.google.com/scholar?hl=en&lr=&cites=https://pmc.ncbi.nlm.nih.gov/articles/PMC11581726/'>Cited By, Google</a>"," ",
"T32MH013043","Department of Psychiatry, University of North Carolina School of Medicine, United States of America. Electronic address: rpress@med.unc.edu.","2025","Presskreischer, Rachel; Mojtabai, Ramin; Mauro, Christine; Zhang, Zhijun; Wall, Melanie; Olfson, Mark","United States","2949-8759"," ","<a href='https://pubmed.ncbi.nlm.nih.gov/39505113'>Journal of substance use and addiction treatment</a>","J Subst Use Addict Treat","168","eng","209568","11624050","39505113","2025 Jan","Medicaid expansion and medications to treat opioid use disorder in outpatient specialty care from 2010 to 2020.","<a href='https://pubmed.ncbi.nlm.nih.gov/?Db=pubmed&DbFrom=pubmed&Cmd=Link&LinkName=pubmed_pubmed&IdsFromResult=39505113&ordinalpos=1&itool=EntrezSystem2.PEntrez.Pubmed.Pubmed_ResultsPanel.Pubmed_DiscoveryPanel.Pubmed_Discovery_RA&log$=relatedarticles&logdbfrom=pubmed'>Related, PubMed</a>","<a href='https://scholar.google.com/scholar?q=related:https://pmc.ncbi.nlm.nih.gov/articles/PMC11624050/'>Related, Google Scholar</a>","<a href='https://pubmed.ncbi.nlm.nih.gov/?linkname=pubmed_pubmed_citedin&from_uid=39505113'>Cited By, PMID</a>","<a href='https://scholar.google.com/scholar?hl=en&lr=&cites=https://pmc.ncbi.nlm.nih.gov/articles/PMC11624050/'>Cited By, Google</a>"," ",
"R01MH121409","Department of Psychology, Yonsei University.","2025","Hur, Juyoen; Tillman, Rachael M; Kim, Hyung Cho; Didier, Paige; Anderson, Allegra S; Islam, Samiha; Stockbridge, Melissa D; De Los Reyes, Andres; DeYoung, Kathryn A; Smith, Jason F; Shackman, Alexander J","United States","2769-755X","1","<a href='https://pubmed.ncbi.nlm.nih.gov/39509181'>Journal of psychopathology and clinical science</a>","J Psychopathol Clin Sci","134","eng","41-56"," ","39509181","2025 Jan","Adolescent social anxiety is associated with diminished discrimination of anticipated threat and safety in the bed nucleus of the stria terminalis.","<a href='https://pubmed.ncbi.nlm.nih.gov/?Db=pubmed&DbFrom=pubmed&Cmd=Link&LinkName=pubmed_pubmed&IdsFromResult=39509181&ordinalpos=1&itool=EntrezSystem2.PEntrez.Pubmed.Pubmed_ResultsPanel.Pubmed_DiscoveryPanel.Pubmed_Discovery_RA&log$=relatedarticles&logdbfrom=pubmed'>Related, PubMed</a>","<a href='https://scholar.google.com/scholar?hl=en&q=Adolescent social anxiety is associated with diminished discrimination of anticipated threat and safety in the bed nucleus of the stria terminalis.'>Related, Google Scholar</a>","<a href='https://pubmed.ncbi.nlm.nih.gov/?linkname=pubmed_pubmed_citedin&from_uid=39509181'>Cited By, PMID</a>"," "," ",
"R01MH122387","Department of Psychiatry and Behavioral Sciences, Dell Medical School, University of Texas at Austin, Austin, TX, 78701, USA.","2025","Morris, Kierra R; Jaeb, Michael; Dunsmoor, Joseph E; Stowe, Zachary N; Cisler, Josh M","England","1740-634X","3","<a href='https://pubmed.ncbi.nlm.nih.gov/39562628'>Neuropsychopharmacology : official publication of the American College of Neuropsychopharmacology</a>","Neuropsychopharmacology","50","eng","568-575","11735932","39562628","2025 Feb","Decoding threat neurocircuitry representations during traumatic memory recall in PTSD.","<a href='https://pubmed.ncbi.nlm.nih.gov/?Db=pubmed&DbFrom=pubmed&Cmd=Link&LinkName=pubmed_pubmed&IdsFromResult=39562628&ordinalpos=1&itool=EntrezSystem2.PEntrez.Pubmed.Pubmed_ResultsPanel.Pubmed_DiscoveryPanel.Pubmed_Discovery_RA&log$=relatedarticles&logdbfrom=pubmed'>Related, PubMed</a>","<a href='https://scholar.google.com/scholar?q=related:https://pmc.ncbi.nlm.nih.gov/articles/PMC11735932/'>Related, Google Scholar</a>","<a href='https://pubmed.ncbi.nlm.nih.gov/?linkname=pubmed_pubmed_citedin&from_uid=39562628'>Cited By, PMID</a>","<a href='https://scholar.google.com/scholar?hl=en&lr=&cites=https://pmc.ncbi.nlm.nih.gov/articles/PMC11735932/'>Cited By, Google</a>"," ",
"T32MH018261","Department of Psychology, University of South Carolina, Columbia, South Carolina, USA.","2025","Nguyen, Julie K; Chu, Wendy; Yu, Stephanie H; Ng, Andrea C","United States","1520-6629","1","<a href='https://pubmed.ncbi.nlm.nih.gov/39568333'>Journal of community psychology</a>","J Community Psychol","53","eng","e23160","11579629","39568333","2025 Jan","<a href='https://www.ncbi.nlm.nih.gov/pmc/articles/11579629'>'I Speak Up for Myself, My Family, and for My Community': How Asian Americans, Native Hawaiians, and Pacific Islanders Respond to Anti-Asian Racism During COVID-19.</a>","<a href='https://pubmed.ncbi.nlm.nih.gov/?Db=pubmed&DbFrom=pubmed&Cmd=Link&LinkName=pubmed_pubmed&IdsFromResult=39568333&ordinalpos=1&itool=EntrezSystem2.PEntrez.Pubmed.Pubmed_ResultsPanel.Pubmed_DiscoveryPanel.Pubmed_Discovery_RA&log$=relatedarticles&logdbfrom=pubmed'>Related, PubMed</a>","<a href='https://scholar.google.com/scholar?q=related:https://pmc.ncbi.nlm.nih.gov/articles/PMC11579629/'>Related, Google Scholar</a>","<a href='https://pubmed.ncbi.nlm.nih.gov/?linkname=pubmed_pubmed_citedin&from_uid=39568333'>Cited By, PMID</a>","<a href='https://scholar.google.com/scholar?hl=en&lr=&cites=https://pmc.ncbi.nlm.nih.gov/articles/PMC11579629/'>Cited By, Google</a>"," ",
"R01MH136152","Waisman Center, University of Wisconsin-Madison, Madison, WI, 53705, USA.","2025","Guo, Yu; Zhao, Xinyu","Germany","1432-0878","1","<a href='https://pubmed.ncbi.nlm.nih.gov/39585363'>Cell and tissue research</a>","Cell Tissue Res","399","eng","1-8"," ","39585363","2025 Jan","CRISPR-based genetic screens in human pluripotent stem cells derived neurons and brain organoids.","<a href='https://pubmed.ncbi.nlm.nih.gov/?Db=pubmed&DbFrom=pubmed&Cmd=Link&LinkName=pubmed_pubmed&IdsFromResult=39585363&ordinalpos=1&itool=EntrezSystem2.PEntrez.Pubmed.Pubmed_ResultsPanel.Pubmed_DiscoveryPanel.Pubmed_Discovery_RA&log$=relatedarticles&logdbfrom=pubmed'>Related, PubMed</a>","<a href='https://scholar.google.com/scholar?hl=en&q=CRISPR-based genetic screens in human pluripotent stem cells derived neurons and brain organoids.'>Related, Google Scholar</a>","<a href='https://pubmed.ncbi.nlm.nih.gov/?linkname=pubmed_pubmed_citedin&from_uid=39585363'>Cited By, PMID</a>"," "," ",
"T32MH128395","Departments of Epidemiology and Sociomedical Sciences, Mailman School of Public Health, Columbia University, New York, NY, 10032, USA. Electronic address: pa2629@cumc.columbia.edu.","2025","Adkins-Jackson, Paris B; Tejera, César Higgins; Cotton-Samuel, Dejania; Foster, Carla L; Brown, Lauren L; Watson, Kenjus T; Ford, Tiffany N; Bragg, Tahlia; Wondimu, Betselot B; Manly, Jennifer J","England","1873-5347"," ","<a href='https://pubmed.ncbi.nlm.nih.gov/39616788'>Social science & medicine (1982)</a>","Soc Sci Med","364","eng","117537","11647559","39616788","2025 Jan","'Rest of the folks are tired and weary': The impact of historical lynchings on biological and cognitive health for older adults racialized as Black.","<a href='https://pubmed.ncbi.nlm.nih.gov/?Db=pubmed&DbFrom=pubmed&Cmd=Link&LinkName=pubmed_pubmed&IdsFromResult=39616788&ordinalpos=1&itool=EntrezSystem2.PEntrez.Pubmed.Pubmed_ResultsPanel.Pubmed_DiscoveryPanel.Pubmed_Discovery_RA&log$=relatedarticles&logdbfrom=pubmed'>Related, PubMed</a>","<a href='https://scholar.google.com/scholar?q=related:https://pmc.ncbi.nlm.nih.gov/articles/PMC11647559/'>Related, Google Scholar</a>","<a href='https://pubmed.ncbi.nlm.nih.gov/?linkname=pubmed_pubmed_citedin&from_uid=39616788'>Cited By, PMID</a>","<a href='https://scholar.google.com/scholar?hl=en&lr=&cites=https://pmc.ncbi.nlm.nih.gov/articles/PMC11647559/'>Cited By, Google</a>"," ",
"R01MH135934","Department of Genetics, Stanford University, Stanford, CA, USA.","2025","Kalogriopoulos, Nicholas A; Tei, Reika; Yan, Yuqi; Klein, Peter M; Ravalin, Matthew; Cai, Bo; Soltesz, Ivan; Li, Yulong; Ting, Alice","England","1476-4687","8044","<a href='https://pubmed.ncbi.nlm.nih.gov/39633047'>Nature</a>","Nature","637","eng","230-239","11666456","39633047","2025 Jan","<a href='https://www.ncbi.nlm.nih.gov/pmc/articles/11666456'>Synthetic GPCRs for programmable sensing and control of cell behaviour.</a>","<a href='https://pubmed.ncbi.nlm.nih.gov/?Db=pubmed&DbFrom=pubmed&Cmd=Link&LinkName=pubmed_pubmed&IdsFromResult=39633047&ordinalpos=1&itool=EntrezSystem2.PEntrez.Pubmed.Pubmed_ResultsPanel.Pubmed_DiscoveryPanel.Pubmed_Discovery_RA&log$=relatedarticles&logdbfrom=pubmed'>Related, PubMed</a>","<a href='https://scholar.google.com/scholar?q=related:https://pmc.ncbi.nlm.nih.gov/articles/PMC11666456/'>Related, Google Scholar</a>","<a href='https://pubmed.ncbi.nlm.nih.gov/?linkname=pubmed_pubmed_citedin&from_uid=39633047'>Cited By, PMID</a>","<a href='https://scholar.google.com/scholar?hl=en&lr=&cites=https://pmc.ncbi.nlm.nih.gov/articles/PMC11666456/'>Cited By, Google</a>"," ",
"R01MH116500","Department of Biological Sciences, Purdue Institute for Integrative Neuroscience, Purdue University, 915 Mitch Daniels Blvd., West Lafayette, IN 47907, USA; Department of Biomedical Engineering, Purdue University, 206 S. Martin Jischke Dr., West Lafayette, IN 47907, USA.","2025","Zimmerman, Michael P; Kissinger, Samuel T; Edens, Paige; Towers, Renee C; Nareddula, Sanghamitra; Nadew, Yididiya Y; Quinn, Christopher J; Chubykin, Alexander A","England","1879-0445","1","<a href='https://pubmed.ncbi.nlm.nih.gov/39657670'>Current biology : CB</a>","Curr Biol","35","eng","87-99.e6","11720618","39657670","2025 Jan 06","Origin of visual experience-dependent theta oscillations.","<a href='https://pubmed.ncbi.nlm.nih.gov/?Db=pubmed&DbFrom=pubmed&Cmd=Link&LinkName=pubmed_pubmed&IdsFromResult=39657670&ordinalpos=1&itool=EntrezSystem2.PEntrez.Pubmed.Pubmed_ResultsPanel.Pubmed_DiscoveryPanel.Pubmed_Discovery_RA&log$=relatedarticles&logdbfrom=pubmed'>Related, PubMed</a>","<a href='https://scholar.google.com/scholar?q=related:https://pmc.ncbi.nlm.nih.gov/articles/PMC11720618/'>Related, Google Scholar</a>","<a href='https://pubmed.ncbi.nlm.nih.gov/?linkname=pubmed_pubmed_citedin&from_uid=39657670'>Cited By, PMID</a>","<a href='https://scholar.google.com/scholar?hl=en&lr=&cites=https://pmc.ncbi.nlm.nih.gov/articles/PMC11720618/'>Cited By, Google</a>"," ",
"R01MH126137","Department of Psychiatry, University of Michigan, Ann Arbor, Michigan, USA.","2025","Ognjanovski, Nicolette; Kim, David S; Charlett-Green, Emma; Goldiez, Ethan; van Koppen, Sofie; Aton, Sara J; Watson, Brendon O","France","1460-9568","1","<a href='https://pubmed.ncbi.nlm.nih.gov/39663213'>The European journal of neuroscience</a>","Eur J Neurosci","61","eng","e16619","11664907","39663213","2025 Jan","<a href='https://www.ncbi.nlm.nih.gov/pmc/articles/11664907'>Daily rhythms drive dynamism in sleep, oscillations and interneuron firing, while excitatory firing remains stable across 24 h.</a>","<a href='https://pubmed.ncbi.nlm.nih.gov/?Db=pubmed&DbFrom=pubmed&Cmd=Link&LinkName=pubmed_pubmed&IdsFromResult=39663213&ordinalpos=1&itool=EntrezSystem2.PEntrez.Pubmed.Pubmed_ResultsPanel.Pubmed_DiscoveryPanel.Pubmed_Discovery_RA&log$=relatedarticles&logdbfrom=pubmed'>Related, PubMed</a>","<a href='https://scholar.google.com/scholar?q=related:https://pmc.ncbi.nlm.nih.gov/articles/PMC11664907/'>Related, Google Scholar</a>","<a href='https://pubmed.ncbi.nlm.nih.gov/?linkname=pubmed_pubmed_citedin&from_uid=39663213'>Cited By, PMID</a>","<a href='https://scholar.google.com/scholar?hl=en&lr=&cites=https://pmc.ncbi.nlm.nih.gov/articles/PMC11664907/'>Cited By, Google</a>"," ",
"R01MH116039","Department of Psychology, University at Buffalo, State University of New York, Buffalo, New York, USA.","2025","Reischer, Hollen N; Cowan, Henry R; Johnson, Kristen M; Mittal, Vijay A","Australia","1751-7893","1","<a href='https://pubmed.ncbi.nlm.nih.gov/39704091'>Early intervention in psychiatry</a>","Early Interv Psychiatry","19","eng","e13638","11729691","39704091","2025 Jan","<a href='https://www.ncbi.nlm.nih.gov/pmc/articles/11729691'>Self-Transcendence as a Risk and Resilience Factor in Individuals at Clinical High Risk for Psychosis.</a>","<a href='https://pubmed.ncbi.nlm.nih.gov/?Db=pubmed&DbFrom=pubmed&Cmd=Link&LinkName=pubmed_pubmed&IdsFromResult=39704091&ordinalpos=1&itool=EntrezSystem2.PEntrez.Pubmed.Pubmed_ResultsPanel.Pubmed_DiscoveryPanel.Pubmed_Discovery_RA&log$=relatedarticles&logdbfrom=pubmed'>Related, PubMed</a>","<a href='https://scholar.google.com/scholar?q=related:https://pmc.ncbi.nlm.nih.gov/articles/PMC11729691/'>Related, Google Scholar</a>","<a href='https://pubmed.ncbi.nlm.nih.gov/?linkname=pubmed_pubmed_citedin&from_uid=39704091'>Cited By, PMID</a>","<a href='https://scholar.google.com/scholar?hl=en&lr=&cites=https://pmc.ncbi.nlm.nih.gov/articles/PMC11729691/'>Cited By, Google</a>"," ",
"R01MH122428","Semel Institute of Neuroscience and Human Behavior, David Geffen School of Medicine, University of California, Los Angeles, California, USA.","2025","Dickinson, Abigail; McDonald, Nicole; Dapretto, Mirella; Campos, Emilie; Senturk, Damla; Jeste, Shafali","England","1467-7687","1","<a href='https://pubmed.ncbi.nlm.nih.gov/39704490'>Developmental science</a>","Dev Sci","28","eng","e13593","11686827","39704490","2025 Jan","Accelerated Infant Brain Rhythm Maturation in Autism.","<a href='https://pubmed.ncbi.nlm.nih.gov/?Db=pubmed&DbFrom=pubmed&Cmd=Link&LinkName=pubmed_pubmed&IdsFromResult=39704490&ordinalpos=1&itool=EntrezSystem2.PEntrez.Pubmed.Pubmed_ResultsPanel.Pubmed_DiscoveryPanel.Pubmed_Discovery_RA&log$=relatedarticles&logdbfrom=pubmed'>Related, PubMed</a>","<a href='https://scholar.google.com/scholar?q=related:https://pmc.ncbi.nlm.nih.gov/articles/PMC11686827/'>Related, Google Scholar</a>","<a href='https://pubmed.ncbi.nlm.nih.gov/?linkname=pubmed_pubmed_citedin&from_uid=39704490'>Cited By, PMID</a>","<a href='https://scholar.google.com/scholar?hl=en&lr=&cites=https://pmc.ncbi.nlm.nih.gov/articles/PMC11686827/'>Cited By, Google</a>"," ",
"R01MH132784","Department of Psychiatry and Behavioral Sciences (Fonzo, Barksdale, Nemeroff) and Center for Psychedelic Research and Therapy (Fonzo, Nemeroff), University of Texas at Austin Dell Medical School, Austin; Institute for Early Life Adversity Research, University of Texas at Austin, Austin (Fonzo, Nemeroff); Department of Behavioral Health, Walter Reed National Military Medical Center, Bethesda, MD (Wolfgang); Department of Psychiatry, Uniformed Services University of the Health Sciences, Bethesda, MD (Wolfgang); Department of Psychiatry, Yale University School of Medicine, New Haven, CT (Wolfgang, Krystal); Butler Hospital, Department of Psychiatry and Human Behavior, Warren Alpert Medical School, Brown University, Providence, RI (Carpenter); Department of Psychiatry and Behavioral Neurobiology, Heersink School of Medicine, University of Alabama at Birmingham, Birmingham (Kraguljac); Department of Psychiatry and Biobehavioral Sciences, David Geffen School of Medicine, UCLA, Los Angeles (Grzenda); Department of Psychiatry and Behavioral Sciences, Emory University School of Medicine, Atlanta (McDonald); Department of Psychiatry and Behavioral Sciences, University of Minnesota, Minneapolis (Widge); Department of Psychiatry and Behavioral Sciences, Stanford University, Stanford, CA (Rodriguez); Veterans Affairs Palo Alto Health Care System, Palo Alto, CA (Rodriguez).","2025","Fonzo, Gregory A; Wolfgang, Aaron S; Barksdale, Bryan R; Krystal, John H; Carpenter, Linda L; Kraguljac, Nina V; Grzenda, Adrienne; McDonald, William M; Widge, Alik S; Rodriguez, Carolyn I; Nemeroff, Charles B","United States","1535-7228","1","<a href='https://pubmed.ncbi.nlm.nih.gov/39741437'>The American journal of psychiatry</a>","Am J Psychiatry","182","eng","54-78","11694823","39741437","2025 Jan 01","Psilocybin: From Psychiatric Pariah to Perceived Panacea.","<a href='https://pubmed.ncbi.nlm.nih.gov/?Db=pubmed&DbFrom=pubmed&Cmd=Link&LinkName=pubmed_pubmed&IdsFromResult=39741437&ordinalpos=1&itool=EntrezSystem2.PEntrez.Pubmed.Pubmed_ResultsPanel.Pubmed_DiscoveryPanel.Pubmed_Discovery_RA&log$=relatedarticles&logdbfrom=pubmed'>Related, PubMed</a>","<a href='https://scholar.google.com/scholar?q=related:https://pmc.ncbi.nlm.nih.gov/articles/PMC11694823/'>Related, Google Scholar</a>","<a href='https://pubmed.ncbi.nlm.nih.gov/?linkname=pubmed_pubmed_citedin&from_uid=39741437'>Cited By, PMID</a>","<a href='https://scholar.google.com/scholar?hl=en&lr=&cites=https://pmc.ncbi.nlm.nih.gov/articles/PMC11694823/'>Cited By, Google</a>"," ",
"R01MH129694","Department of Psychiatry and Behavioral Sciences (Fonzo, Barksdale, Nemeroff) and Center for Psychedelic Research and Therapy (Fonzo, Nemeroff), University of Texas at Austin Dell Medical School, Austin; Institute for Early Life Adversity Research, University of Texas at Austin, Austin (Fonzo, Nemeroff); Department of Behavioral Health, Walter Reed National Military Medical Center, Bethesda, MD (Wolfgang); Department of Psychiatry, Uniformed Services University of the Health Sciences, Bethesda, MD (Wolfgang); Department of Psychiatry, Yale University School of Medicine, New Haven, CT (Wolfgang, Krystal); Butler Hospital, Department of Psychiatry and Human Behavior, Warren Alpert Medical School, Brown University, Providence, RI (Carpenter); Department of Psychiatry and Behavioral Neurobiology, Heersink School of Medicine, University of Alabama at Birmingham, Birmingham (Kraguljac); Department of Psychiatry and Biobehavioral Sciences, David Geffen School of Medicine, UCLA, Los Angeles (Grzenda); Department of Psychiatry and Behavioral Sciences, Emory University School of Medicine, Atlanta (McDonald); Department of Psychiatry and Behavioral Sciences, University of Minnesota, Minneapolis (Widge); Department of Psychiatry and Behavioral Sciences, Stanford University, Stanford, CA (Rodriguez); Veterans Affairs Palo Alto Health Care System, Palo Alto, CA (Rodriguez).","2025","Fonzo, Gregory A; Wolfgang, Aaron S; Barksdale, Bryan R; Krystal, John H; Carpenter, Linda L; Kraguljac, Nina V; Grzenda, Adrienne; McDonald, William M; Widge, Alik S; Rodriguez, Carolyn I; Nemeroff, Charles B","United States","1535-7228","1","<a href='https://pubmed.ncbi.nlm.nih.gov/39741437'>The American journal of psychiatry</a>","Am J Psychiatry","182","eng","54-78","11694823","39741437","2025 Jan 01","Psilocybin: From Psychiatric Pariah to Perceived Panacea.","<a href='https://pubmed.ncbi.nlm.nih.gov/?Db=pubmed&DbFrom=pubmed&Cmd=Link&LinkName=pubmed_pubmed&IdsFromResult=39741437&ordinalpos=1&itool=EntrezSystem2.PEntrez.Pubmed.Pubmed_ResultsPanel.Pubmed_DiscoveryPanel.Pubmed_Discovery_RA&log$=relatedarticles&logdbfrom=pubmed'>Related, PubMed</a>","<a href='https://scholar.google.com/scholar?q=related:https://pmc.ncbi.nlm.nih.gov/articles/PMC11694823/'>Related, Google Scholar</a>","<a href='https://pubmed.ncbi.nlm.nih.gov/?linkname=pubmed_pubmed_citedin&from_uid=39741437'>Cited By, PMID</a>","<a href='https://scholar.google.com/scholar?hl=en&lr=&cites=https://pmc.ncbi.nlm.nih.gov/articles/PMC11694823/'>Cited By, Google</a>"," ",
"R01MH116228","University of Delaware, Department of Psychological and Brain Sciences.","2025","Huerta, Wendy; Sadeh, Naomi","England","0191-8869"," ","<a href='https://pubmed.ncbi.nlm.nih.gov/39744310'>Personality and individual differences</a>","Pers Individ Dif","233","eng"," ","11687338","39744310","2025 Feb","Depressive Symptoms and Violence Perpetration: Examining the Moderating Influence of Reward Sensitivity and Emotional Reactivity in Community Adults at Elevated Risk for Violent Behavior.","<a href='https://pubmed.ncbi.nlm.nih.gov/?Db=pubmed&DbFrom=pubmed&Cmd=Link&LinkName=pubmed_pubmed&IdsFromResult=39744310&ordinalpos=1&itool=EntrezSystem2.PEntrez.Pubmed.Pubmed_ResultsPanel.Pubmed_DiscoveryPanel.Pubmed_Discovery_RA&log$=relatedarticles&logdbfrom=pubmed'>Related, PubMed</a>","<a href='https://scholar.google.com/scholar?q=related:https://pmc.ncbi.nlm.nih.gov/articles/PMC11687338/'>Related, Google Scholar</a>","<a href='https://pubmed.ncbi.nlm.nih.gov/?linkname=pubmed_pubmed_citedin&from_uid=39744310'>Cited By, PMID</a>","<a href='https://scholar.google.com/scholar?hl=en&lr=&cites=https://pmc.ncbi.nlm.nih.gov/articles/PMC11687338/'>Cited By, Google</a>"," ",
"R34MH132561","Department of Health Policy and Management, College of Public Health, University of Georgia, Athens, Georgia, USA.","2025","Haider, Mohammad Rifat; Karim, Sabrina; Jayawardhana, Jayani; Hansen, Nathan B; Haile, Zelalem T","England","1521-0391","1","<a href='https://pubmed.ncbi.nlm.nih.gov/39342490'>The American journal on addictions</a>","Am J Addict","34","eng","75-84","11673451","39342490","2025 Jan","<a href='https://www.ncbi.nlm.nih.gov/pmc/articles/11673451'>Association between state-level medical marijuana legalization and marijuana use during pregnancy: A population-based study.</a>","<a href='https://pubmed.ncbi.nlm.nih.gov/?Db=pubmed&DbFrom=pubmed&Cmd=Link&LinkName=pubmed_pubmed&IdsFromResult=39342490&ordinalpos=1&itool=EntrezSystem2.PEntrez.Pubmed.Pubmed_ResultsPanel.Pubmed_DiscoveryPanel.Pubmed_Discovery_RA&log$=relatedarticles&logdbfrom=pubmed'>Related, PubMed</a>","<a href='https://scholar.google.com/scholar?q=related:https://pmc.ncbi.nlm.nih.gov/articles/PMC11673451/'>Related, Google Scholar</a>","<a href='https://pubmed.ncbi.nlm.nih.gov/?linkname=pubmed_pubmed_citedin&from_uid=39342490'>Cited By, PMID</a>","<a href='https://scholar.google.com/scholar?hl=en&lr=&cites=https://pmc.ncbi.nlm.nih.gov/articles/PMC11673451/'>Cited By, Google</a>"," ",
"R01MH135492","Department of Human Development and Family Science, University of Georgia, Athens, GA, USA.","2025","Zhang, Linhao; Oshri, Assaf; Carvalho, Cory; Uddin, Lucina Q; Geier, Charles; Nagata, Jason M; Cummins, Kevin; Hoffman, Elizabeth A; Tomko, Rachel L; Chaarani, Bader; Squeglia, Lindsay M; Wing, David; Mason, Michael J; Fuemmeler, Bernard; Lisdahl, Krista; Tapert, Susan F; Baker, Fiona C; Kiss, Orsolya","United States","1550-9109","1","<a href='https://pubmed.ncbi.nlm.nih.gov/39390801'>Sleep</a>","Sleep","48","eng"," "," ","39390801","2025 Jan 13","Prospective associations between sleep, sensation-seeking, and mature screen usage in early adolescents: findings from the Adolescent Brain Cognitive Development study.","<a href='https://pubmed.ncbi.nlm.nih.gov/?Db=pubmed&DbFrom=pubmed&Cmd=Link&LinkName=pubmed_pubmed&IdsFromResult=39390801&ordinalpos=1&itool=EntrezSystem2.PEntrez.Pubmed.Pubmed_ResultsPanel.Pubmed_DiscoveryPanel.Pubmed_Discovery_RA&log$=relatedarticles&logdbfrom=pubmed'>Related, PubMed</a>","<a href='https://scholar.google.com/scholar?hl=en&q=Prospective associations between sleep, sensation-seeking, and mature screen usage in early adolescents: findings from the Adolescent Brain Cognitive Development study.'>Related, Google Scholar</a>","<a href='https://pubmed.ncbi.nlm.nih.gov/?linkname=pubmed_pubmed_citedin&from_uid=39390801'>Cited By, PMID</a>"," "," ",
"T32MH015442","Department of Psychology, University of Denver, Denver, 2155 South Race Street, Denver, CO 80208-3500, United States; Colorado Department of Public Health and Environment, Denver, Colorado, 4300 Cherry Creek S Dr, Glendale, CO 80246, United States. Electronic address: erhart.andrew@gmail.com.","2025","Erhart, Andrew; Watamura, Sarah; Olsavsky, Aviva K; Dufford, Alexander; Tribble, Rebekah; Yeh, Tom; Kim, Pilyoung","England","1873-3360"," ","<a href='https://pubmed.ncbi.nlm.nih.gov/39413527'>Psychoneuroendocrinology</a>","Psychoneuroendocrinology","171","eng","107207","11724425","39413527","2025 Jan","Maternal cortisol concentration is associated with reduced brain activation to infant cry and more intrusive parenting behavior.","<a href='https://pubmed.ncbi.nlm.nih.gov/?Db=pubmed&DbFrom=pubmed&Cmd=Link&LinkName=pubmed_pubmed&IdsFromResult=39413527&ordinalpos=1&itool=EntrezSystem2.PEntrez.Pubmed.Pubmed_ResultsPanel.Pubmed_DiscoveryPanel.Pubmed_Discovery_RA&log$=relatedarticles&logdbfrom=pubmed'>Related, PubMed</a>","<a href='https://scholar.google.com/scholar?q=related:https://pmc.ncbi.nlm.nih.gov/articles/PMC11724425/'>Related, Google Scholar</a>","<a href='https://pubmed.ncbi.nlm.nih.gov/?linkname=pubmed_pubmed_citedin&from_uid=39413527'>Cited By, PMID</a>","<a href='https://scholar.google.com/scholar?hl=en&lr=&cites=https://pmc.ncbi.nlm.nih.gov/articles/PMC11724425/'>Cited By, Google</a>"," ",
"T32MH096724","College of Social Work, The Ohio State University, Columbus, Ohio, USA.","2025","Boyd, Donte T; Quinn, Camille R; Jones, Kristian V; Waller, Bernadine; Coker, Evelyn Joy; Duprey, Erinn B; Cerulli, Catherine; McCoy, Henrika","England","1943-278X","1","<a href='https://pubmed.ncbi.nlm.nih.gov/38488644'>Suicide & life-threatening behavior</a>","Suicide Life Threat Behav","55","eng","e13072","11401967","38488644","2025 Feb","Building stronger bonds: The impact of family support and communication on suicidal behaviors among Black men who have sex with men.","<a href='https://pubmed.ncbi.nlm.nih.gov/?Db=pubmed&DbFrom=pubmed&Cmd=Link&LinkName=pubmed_pubmed&IdsFromResult=38488644&ordinalpos=1&itool=EntrezSystem2.PEntrez.Pubmed.Pubmed_ResultsPanel.Pubmed_DiscoveryPanel.Pubmed_Discovery_RA&log$=relatedarticles&logdbfrom=pubmed'>Related, PubMed</a>","<a href='https://scholar.google.com/scholar?q=related:https://pmc.ncbi.nlm.nih.gov/articles/PMC11401967/'>Related, Google Scholar</a>","<a href='https://pubmed.ncbi.nlm.nih.gov/?linkname=pubmed_pubmed_citedin&from_uid=38488644'>Cited By, PMID</a>","<a href='https://scholar.google.com/scholar?hl=en&lr=&cites=https://pmc.ncbi.nlm.nih.gov/articles/PMC11401967/'>Cited By, Google</a>"," ",
"U01MH115483","Division of Human Genetics, National Health Laboratory Service and School of Pathology, The University of the Witwatersrand, Johannesburg, South Africa. fahmida.essop@nhls.ac.za.","2025","Essop, Fahmida; Dillon, Bronwyn; Mhlongo, Felicity; Bhengu, Louisa; Naicker, Thirona; Lambie, Lindsay; Smit, Liani; Fieggen, Karen; Lochan, Anneline; Dawson, Jessica; Mpangase, Phelelani; Hauptfleisch, Marc; Scher, Gail; Tabane, Odirile; Immelman, Marelize; Urban, Michael; Krause, Amanda","England","1476-5438","1","<a href='https://pubmed.ncbi.nlm.nih.gov/38824262'>European journal of human genetics : EJHG</a>","Eur J Hum Genet","33","eng","14-23","11711498","38824262","2025 Jan","<a href='https://www.ncbi.nlm.nih.gov/pmc/articles/11711498'>STAC3 disorder: a common cause of congenital hypotonia in Southern African patients.</a>","<a href='https://pubmed.ncbi.nlm.nih.gov/?Db=pubmed&DbFrom=pubmed&Cmd=Link&LinkName=pubmed_pubmed&IdsFromResult=38824262&ordinalpos=1&itool=EntrezSystem2.PEntrez.Pubmed.Pubmed_ResultsPanel.Pubmed_DiscoveryPanel.Pubmed_Discovery_RA&log$=relatedarticles&logdbfrom=pubmed'>Related, PubMed</a>","<a href='https://scholar.google.com/scholar?q=related:https://pmc.ncbi.nlm.nih.gov/articles/PMC11711498/'>Related, Google Scholar</a>","<a href='https://pubmed.ncbi.nlm.nih.gov/?linkname=pubmed_pubmed_citedin&from_uid=38824262'>Cited By, PMID</a>","<a href='https://scholar.google.com/scholar?hl=en&lr=&cites=https://pmc.ncbi.nlm.nih.gov/articles/PMC11711498/'>Cited By, Google</a>"," ",
"R01MH121410","Department of Epidemiology, Columbia University Mailman School of Public Health, New York, New York. Electronic address: vaj2118@cumc.columbia.edu.","2025","Joseph, Victoria A; Kreski, Noah T; Keyes, Katherine M","Netherlands","1873-2607","1","<a href='https://pubmed.ncbi.nlm.nih.gov/39187052'>American journal of preventive medicine</a>","Am J Prev Med","68","eng","56-65","11663116","39187052","2025 Jan","Externalizing Behaviors/Violence Exposure and Suicide Among U.S. Adolescents.","<a href='https://pubmed.ncbi.nlm.nih.gov/?Db=pubmed&DbFrom=pubmed&Cmd=Link&LinkName=pubmed_pubmed&IdsFromResult=39187052&ordinalpos=1&itool=EntrezSystem2.PEntrez.Pubmed.Pubmed_ResultsPanel.Pubmed_DiscoveryPanel.Pubmed_Discovery_RA&log$=relatedarticles&logdbfrom=pubmed'>Related, PubMed</a>","<a href='https://scholar.google.com/scholar?q=related:https://pmc.ncbi.nlm.nih.gov/articles/PMC11663116/'>Related, Google Scholar</a>","<a href='https://pubmed.ncbi.nlm.nih.gov/?linkname=pubmed_pubmed_citedin&from_uid=39187052'>Cited By, PMID</a>","<a href='https://scholar.google.com/scholar?hl=en&lr=&cites=https://pmc.ncbi.nlm.nih.gov/articles/PMC11663116/'>Cited By, Google</a>"," ",
"U19MH121738","HealthPartners Institute, Minneapolis, MN, USA.","2025","Rossom, Rebecca; Knowlton, Greg; Yeh, Hsueh-Han; Penfold, Robert; Owen-Smith, Ashli; Hooker, Stephanie; Simon, Gregory; Miller-Matero, Lisa; Akinyemi, Esther; Ahmedani, Brian","United States","1552-4523","2","<a href='https://pubmed.ncbi.nlm.nih.gov/39102577'>Journal of applied gerontology : the official journal of the Southern Gerontological Society</a>","J Appl Gerontol","44","eng","337-346","11717635","39102577","2025 Feb","Psychotherapy Engagement Before and After a Rapid Transition to Telehealth During COVID-19 for Older Adults With Dementia.","<a href='https://pubmed.ncbi.nlm.nih.gov/?Db=pubmed&DbFrom=pubmed&Cmd=Link&LinkName=pubmed_pubmed&IdsFromResult=39102577&ordinalpos=1&itool=EntrezSystem2.PEntrez.Pubmed.Pubmed_ResultsPanel.Pubmed_DiscoveryPanel.Pubmed_Discovery_RA&log$=relatedarticles&logdbfrom=pubmed'>Related, PubMed</a>","<a href='https://scholar.google.com/scholar?q=related:https://pmc.ncbi.nlm.nih.gov/articles/PMC11717635/'>Related, Google Scholar</a>","<a href='https://pubmed.ncbi.nlm.nih.gov/?linkname=pubmed_pubmed_citedin&from_uid=39102577'>Cited By, PMID</a>","<a href='https://scholar.google.com/scholar?hl=en&lr=&cites=https://pmc.ncbi.nlm.nih.gov/articles/PMC11717635/'>Cited By, Google</a>"," ",
"K23MH122626","Fralin Biomedical Research Institute at VTC, Virginia Tech, Roanoke, VA, United States of America; Department of Psychology, Virginia Tech, Blacksburg, VA, United States of America.","2025","Bansal, Vansh; McCurry, Katherine L; Lisinski, Jonathan; Kim, Dong-Youl; Goyal, Shivani; Wang, John M; Lee, Jacob; Brown, Vanessa M; LaConte, Stephen M; Casas, Brooks; Chiu, Pearl H","Netherlands","1573-2517"," ","<a href='https://pubmed.ncbi.nlm.nih.gov/39271064'>Journal of affective disorders</a>","J Affect Disord","368","eng","829-837","11573115","39271064","2025 Jan 01","Reinforcement learning processes as forecasters of depression remission.","<a href='https://pubmed.ncbi.nlm.nih.gov/?Db=pubmed&DbFrom=pubmed&Cmd=Link&LinkName=pubmed_pubmed&IdsFromResult=39271064&ordinalpos=1&itool=EntrezSystem2.PEntrez.Pubmed.Pubmed_ResultsPanel.Pubmed_DiscoveryPanel.Pubmed_Discovery_RA&log$=relatedarticles&logdbfrom=pubmed'>Related, PubMed</a>","<a href='https://scholar.google.com/scholar?q=related:https://pmc.ncbi.nlm.nih.gov/articles/PMC11573115/'>Related, Google Scholar</a>","<a href='https://pubmed.ncbi.nlm.nih.gov/?linkname=pubmed_pubmed_citedin&from_uid=39271064'>Cited By, PMID</a>","<a href='https://scholar.google.com/scholar?hl=en&lr=&cites=https://pmc.ncbi.nlm.nih.gov/articles/PMC11573115/'>Cited By, Google</a>"," ",
"P30MH058107","School of Nursing, Bouvé College of Health Sciences, Northeastern University, Boston, MA, USA. m.yoo-jeong@northeastern.edu.","2025","Yoo-Jeong, Moka; Weinstein, Andrea M; Ware, Deanna; Brennan-Ing, Mark; Shoptaw, Steven; Teplin, Linda A; Haberlen, Sabina A; Friedman, M Reuel; Plankey, Michael W","United States","1573-3254","1","<a href='https://pubmed.ncbi.nlm.nih.gov/39285083'>AIDS and behavior</a>","AIDS Behav","29","eng","198-210"," ","39285083","2025 Jan","Associations of Partnership Types and Quality on Cognitive Performance Among Midlife and Older Sexual Minority Men With or Without HIV.","<a href='https://pubmed.ncbi.nlm.nih.gov/?Db=pubmed&DbFrom=pubmed&Cmd=Link&LinkName=pubmed_pubmed&IdsFromResult=39285083&ordinalpos=1&itool=EntrezSystem2.PEntrez.Pubmed.Pubmed_ResultsPanel.Pubmed_DiscoveryPanel.Pubmed_Discovery_RA&log$=relatedarticles&logdbfrom=pubmed'>Related, PubMed</a>","<a href='https://scholar.google.com/scholar?hl=en&q=Associations of Partnership Types and Quality on Cognitive Performance Among Midlife and Older Sexual Minority Men With or Without HIV.'>Related, Google Scholar</a>","<a href='https://pubmed.ncbi.nlm.nih.gov/?linkname=pubmed_pubmed_citedin&from_uid=39285083'>Cited By, PMID</a>"," "," ",
"R01MH052804","School of Chemical Biology and Biotechnology, Peking University Shenzhen Graduate School, Shenzhen, 518055, China.","2025","Qin, Liming; Liu, Zhili; Guo, Sile; Han, Ying; Wang, Xiankun; Ren, Wen; Chen, Jiewen; Zhen, Hefu; Nie, Chao; Xing, Ke-Ke; Chen, Tao; Südhof, Thomas C; Sun, Yuzhe; Zhang, Bo","England","1476-5578","1","<a href='https://pubmed.ncbi.nlm.nih.gov/39003414'>Molecular psychiatry</a>","Mol Psychiatry","30","eng","84-96","11649564","39003414","2025 Jan","<a href='https://www.ncbi.nlm.nih.gov/pmc/articles/11649564'>Astrocytic Neuroligin-3 influences gene expression and social behavior, but is dispensable for synapse number.</a>","<a href='https://pubmed.ncbi.nlm.nih.gov/?Db=pubmed&DbFrom=pubmed&Cmd=Link&LinkName=pubmed_pubmed&IdsFromResult=39003414&ordinalpos=1&itool=EntrezSystem2.PEntrez.Pubmed.Pubmed_ResultsPanel.Pubmed_DiscoveryPanel.Pubmed_Discovery_RA&log$=relatedarticles&logdbfrom=pubmed'>Related, PubMed</a>","<a href='https://scholar.google.com/scholar?q=related:https://pmc.ncbi.nlm.nih.gov/articles/PMC11649564/'>Related, Google Scholar</a>","<a href='https://pubmed.ncbi.nlm.nih.gov/?linkname=pubmed_pubmed_citedin&from_uid=39003414'>Cited By, PMID</a>","<a href='https://scholar.google.com/scholar?hl=en&lr=&cites=https://pmc.ncbi.nlm.nih.gov/articles/PMC11649564/'>Cited By, Google</a>"," ",
"R37MH076136","Department of Psychological and Brain Sciences, Dartmouth College, Hanover, NH, United States.","2025","Dehghani, Amin; Bango, Carmen; Murphy, Ethan K; Halter, Ryan J; Wager, Tor D","United States","1872-6623","1","<a href='https://pubmed.ncbi.nlm.nih.gov/39167466'>Pain</a>","Pain","166","eng","87-98","11649493","39167466","2025 Jan 01","Independent effects of transcranial direct current stimulation and social influence on pain.","<a href='https://pubmed.ncbi.nlm.nih.gov/?Db=pubmed&DbFrom=pubmed&Cmd=Link&LinkName=pubmed_pubmed&IdsFromResult=39167466&ordinalpos=1&itool=EntrezSystem2.PEntrez.Pubmed.Pubmed_ResultsPanel.Pubmed_DiscoveryPanel.Pubmed_Discovery_RA&log$=relatedarticles&logdbfrom=pubmed'>Related, PubMed</a>","<a href='https://scholar.google.com/scholar?q=related:https://pmc.ncbi.nlm.nih.gov/articles/PMC11649493/'>Related, Google Scholar</a>","<a href='https://pubmed.ncbi.nlm.nih.gov/?linkname=pubmed_pubmed_citedin&from_uid=39167466'>Cited By, PMID</a>","<a href='https://scholar.google.com/scholar?hl=en&lr=&cites=https://pmc.ncbi.nlm.nih.gov/articles/PMC11649493/'>Cited By, Google</a>"," ",
"R01MH125667","Vanderbilt University, Nashville, TN, USA.","2025","Perkins, Jessica M; Nyakato, Viola; Kakuhikire, Bernard; Sriken, Julie; Schember, Cassandra O; Baguma, Charles; Namara, Elizabeth B; Ahereza, Phionah; Ninsiima, Immaculate; Comfort, Alison B; Audet, Carolyn M; Tsai, Alexander C","United States","1552-6518","3-4","<a href='https://pubmed.ncbi.nlm.nih.gov/38842209'>Journal of interpersonal violence</a>","J Interpers Violence","40","eng","803-827","11657416","38842209","2025 Feb","Misperception of Norms About Intimate Partner Violence as a Driver of Personal IPV Attitudes and Perpetration: A Population-Based Study of Men in Rural Uganda.","<a href='https://pubmed.ncbi.nlm.nih.gov/?Db=pubmed&DbFrom=pubmed&Cmd=Link&LinkName=pubmed_pubmed&IdsFromResult=38842209&ordinalpos=1&itool=EntrezSystem2.PEntrez.Pubmed.Pubmed_ResultsPanel.Pubmed_DiscoveryPanel.Pubmed_Discovery_RA&log$=relatedarticles&logdbfrom=pubmed'>Related, PubMed</a>","<a href='https://scholar.google.com/scholar?q=related:https://pmc.ncbi.nlm.nih.gov/articles/PMC11657416/'>Related, Google Scholar</a>","<a href='https://pubmed.ncbi.nlm.nih.gov/?linkname=pubmed_pubmed_citedin&from_uid=38842209'>Cited By, PMID</a>","<a href='https://scholar.google.com/scholar?hl=en&lr=&cites=https://pmc.ncbi.nlm.nih.gov/articles/PMC11657416/'>Cited By, Google</a>"," ",
"R25MH136652","Center for Social Epidemiology and Population Health, Department of Epidemiology, University of Michigan School of Public Health, Ann Arbor, Michigan. Electronic address: lilyjj@umich.edu.","2025","Johns, Lily; Mezuk, Briana","Netherlands","1873-2607","1","<a href='https://pubmed.ncbi.nlm.nih.gov/39179182'>American journal of preventive medicine</a>","Am J Prev Med","68","eng","210-214","11663088","39179182","2025 Jan","Patients as Consumers: Reflections on the FDA's New Rule on Direct-to-Consumer Advertising.","<a href='https://pubmed.ncbi.nlm.nih.gov/?Db=pubmed&DbFrom=pubmed&Cmd=Link&LinkName=pubmed_pubmed&IdsFromResult=39179182&ordinalpos=1&itool=EntrezSystem2.PEntrez.Pubmed.Pubmed_ResultsPanel.Pubmed_DiscoveryPanel.Pubmed_Discovery_RA&log$=relatedarticles&logdbfrom=pubmed'>Related, PubMed</a>","<a href='https://scholar.google.com/scholar?q=related:https://pmc.ncbi.nlm.nih.gov/articles/PMC11663088/'>Related, Google Scholar</a>","<a href='https://pubmed.ncbi.nlm.nih.gov/?linkname=pubmed_pubmed_citedin&from_uid=39179182'>Cited By, PMID</a>","<a href='https://scholar.google.com/scholar?hl=en&lr=&cites=https://pmc.ncbi.nlm.nih.gov/articles/PMC11663088/'>Cited By, Google</a>"," ",
"R01MH128198","Center for Social Epidemiology and Population Health, Department of Epidemiology, University of Michigan School of Public Health, Ann Arbor, Michigan. Electronic address: lilyjj@umich.edu.","2025","Johns, Lily; Mezuk, Briana","Netherlands","1873-2607","1","<a href='https://pubmed.ncbi.nlm.nih.gov/39179182'>American journal of preventive medicine</a>","Am J Prev Med","68","eng","210-214","11663088","39179182","2025 Jan","Patients as Consumers: Reflections on the FDA's New Rule on Direct-to-Consumer Advertising.","<a href='https://pubmed.ncbi.nlm.nih.gov/?Db=pubmed&DbFrom=pubmed&Cmd=Link&LinkName=pubmed_pubmed&IdsFromResult=39179182&ordinalpos=1&itool=EntrezSystem2.PEntrez.Pubmed.Pubmed_ResultsPanel.Pubmed_DiscoveryPanel.Pubmed_Discovery_RA&log$=relatedarticles&logdbfrom=pubmed'>Related, PubMed</a>","<a href='https://scholar.google.com/scholar?q=related:https://pmc.ncbi.nlm.nih.gov/articles/PMC11663088/'>Related, Google Scholar</a>","<a href='https://pubmed.ncbi.nlm.nih.gov/?linkname=pubmed_pubmed_citedin&from_uid=39179182'>Cited By, PMID</a>","<a href='https://scholar.google.com/scholar?hl=en&lr=&cites=https://pmc.ncbi.nlm.nih.gov/articles/PMC11663088/'>Cited By, Google</a>"," ",
"R01MH126027","Institute for Biochemistry and Biophysics, Friedrich Schiller University, Jena, Germany.","2025","Stein, Gregor; Aly, Janine S; Manzolillo, Annamaria; Lange, Lisa; Riege, Konstantin; Hussain, Iqra; Heller, Elisabeth A; Cubillos, Susana; Ernst, Thomas; Hübner, Christian A; Turecki, Gustavo; Hoffmann, Steve; Engmann, Olivia","United States","1873-2402","1","<a href='https://pubmed.ncbi.nlm.nih.gov/39029777'>Biological psychiatry</a>","Biol Psychiatry","97","eng","54-63","11608149","39029777","2025 Jan 01","Transthyretin Orchestrates Vitamin B12-Induced Stress Resilience.","<a href='https://pubmed.ncbi.nlm.nih.gov/?Db=pubmed&DbFrom=pubmed&Cmd=Link&LinkName=pubmed_pubmed&IdsFromResult=39029777&ordinalpos=1&itool=EntrezSystem2.PEntrez.Pubmed.Pubmed_ResultsPanel.Pubmed_DiscoveryPanel.Pubmed_Discovery_RA&log$=relatedarticles&logdbfrom=pubmed'>Related, PubMed</a>","<a href='https://scholar.google.com/scholar?q=related:https://pmc.ncbi.nlm.nih.gov/articles/PMC11608149/'>Related, Google Scholar</a>","<a href='https://pubmed.ncbi.nlm.nih.gov/?linkname=pubmed_pubmed_citedin&from_uid=39029777'>Cited By, PMID</a>","<a href='https://scholar.google.com/scholar?hl=en&lr=&cites=https://pmc.ncbi.nlm.nih.gov/articles/PMC11608149/'>Cited By, Google</a>"," ",
"R01MH117012","Department of Psychiatry and Behavioral Sciences, Vanderbilt University Medical Center, Nashville, Tennessee. Electronic address: heather.b.ward@vumc.org.","2025","Ward, Heather Burrell; Beermann, Adam; Xie, Jing; Yildiz, Gulcan; Felix, Karlos Manzanarez; Addington, Jean; Bearden, Carrie E; Cadenhead, Kristin; Cannon, Tyrone D; Cornblatt, Barbara; Keshavan, Matcheri; Mathalon, Daniel; Perkins, Diana O; Seidman, Larry; Stone, William S; Tsuang, Ming T; Walker, Elaine F; Woods, Scott; Coleman, Michael J; Bouix, Sylvain; Holt, Daphne J; Öngür, Dost; Breier, Alan; Shenton, Martha E; Heckers, Stephan; Halko, Mark A; Lewandowski, Kathryn E; Brady Jr, Roscoe O","United States","1873-2402","2","<a href='https://pubmed.ncbi.nlm.nih.gov/39032726'>Biological psychiatry</a>","Biol Psychiatry","97","eng","139-147","11634655","39032726","2025 Jan 15","<a href='https://www.ncbi.nlm.nih.gov/pmc/articles/11634655'>Robust Brain Correlates of Cognitive Performance in Psychosis and Its Prodrome.</a>","<a href='https://pubmed.ncbi.nlm.nih.gov/?Db=pubmed&DbFrom=pubmed&Cmd=Link&LinkName=pubmed_pubmed&IdsFromResult=39032726&ordinalpos=1&itool=EntrezSystem2.PEntrez.Pubmed.Pubmed_ResultsPanel.Pubmed_DiscoveryPanel.Pubmed_Discovery_RA&log$=relatedarticles&logdbfrom=pubmed'>Related, PubMed</a>","<a href='https://scholar.google.com/scholar?q=related:https://pmc.ncbi.nlm.nih.gov/articles/PMC11634655/'>Related, Google Scholar</a>","<a href='https://pubmed.ncbi.nlm.nih.gov/?linkname=pubmed_pubmed_citedin&from_uid=39032726'>Cited By, PMID</a>","<a href='https://scholar.google.com/scholar?hl=en&lr=&cites=https://pmc.ncbi.nlm.nih.gov/articles/PMC11634655/'>Cited By, Google</a>"," ",
"R21MH135430","Department of Psychology, Hunter College, City University of New York, New York, NY, USA; Psychology Program, The Graduate Center, City University of New York, New York, NY, USA.","2025","Lee, Jinah; Aubry, Antonio; Hanif, Sadiyah; Grunfeld, Itamar S; Likhtik, Ekaterina; Burghardt, Nesha S","Netherlands","1872-7549"," ","<a href='https://pubmed.ncbi.nlm.nih.gov/39241834'>Behavioural brain research</a>","Behav Brain Res","476","eng","115245","11513230","39241834","2025 Jan 05","Chronic social defeat stress gives rise to social avoidance through fear learning.","<a href='https://pubmed.ncbi.nlm.nih.gov/?Db=pubmed&DbFrom=pubmed&Cmd=Link&LinkName=pubmed_pubmed&IdsFromResult=39241834&ordinalpos=1&itool=EntrezSystem2.PEntrez.Pubmed.Pubmed_ResultsPanel.Pubmed_DiscoveryPanel.Pubmed_Discovery_RA&log$=relatedarticles&logdbfrom=pubmed'>Related, PubMed</a>","<a href='https://scholar.google.com/scholar?q=related:https://pmc.ncbi.nlm.nih.gov/articles/PMC11513230/'>Related, Google Scholar</a>","<a href='https://pubmed.ncbi.nlm.nih.gov/?linkname=pubmed_pubmed_citedin&from_uid=39241834'>Cited By, PMID</a>","<a href='https://scholar.google.com/scholar?hl=en&lr=&cites=https://pmc.ncbi.nlm.nih.gov/articles/PMC11513230/'>Cited By, Google</a>"," ",
"T32MH015442","Department of Neuroscience, University of Florida, Gainesville, Florida, USA.","2025","Moore, Andrew; Lewis, Ben; Farrior, Hugh; Hinckley, Jesse; Nixon, Sara Jo; Bhatia, Devika","England","1532-2491","1","<a href='https://pubmed.ncbi.nlm.nih.gov/39279127'>Substance use & misuse</a>","Subst Use Misuse","60","eng","1-11","11663692","39279127","2025","Impact of Pre-Adolescent Substance Familiarity on Subsequent Use: Longitudinal Analysis of Risk by Latent Classes in the Adolescent Brain Cognitive Development Sample.","<a href='https://pubmed.ncbi.nlm.nih.gov/?Db=pubmed&DbFrom=pubmed&Cmd=Link&LinkName=pubmed_pubmed&IdsFromResult=39279127&ordinalpos=1&itool=EntrezSystem2.PEntrez.Pubmed.Pubmed_ResultsPanel.Pubmed_DiscoveryPanel.Pubmed_Discovery_RA&log$=relatedarticles&logdbfrom=pubmed'>Related, PubMed</a>","<a href='https://scholar.google.com/scholar?q=related:https://pmc.ncbi.nlm.nih.gov/articles/PMC11663692/'>Related, Google Scholar</a>","<a href='https://pubmed.ncbi.nlm.nih.gov/?linkname=pubmed_pubmed_citedin&from_uid=39279127'>Cited By, PMID</a>","<a href='https://scholar.google.com/scholar?hl=en&lr=&cites=https://pmc.ncbi.nlm.nih.gov/articles/PMC11663692/'>Cited By, Google</a>"," ",
"K99MH133978","Department of Child & Adolescent Psychiatry, NYU Langone Health, New York, New York, USA.","2025","Menu, Iris; Ji, Lanxin; Bhatia, Tanya; Duffy, Mark; Hendrix, Cassandra L; Thomason, Moriah E","United States","1467-8624","1","<a href='https://pubmed.ncbi.nlm.nih.gov/39136075'>Child development</a>","Child Dev","96","eng","36-54","11693488","39136075","2025","Beyond average outcomes: A latent profile analysis of diverse developmental trajectories in preterm and early term-born children from the Adolescent Brain Cognitive Development study.","<a href='https://pubmed.ncbi.nlm.nih.gov/?Db=pubmed&DbFrom=pubmed&Cmd=Link&LinkName=pubmed_pubmed&IdsFromResult=39136075&ordinalpos=1&itool=EntrezSystem2.PEntrez.Pubmed.Pubmed_ResultsPanel.Pubmed_DiscoveryPanel.Pubmed_Discovery_RA&log$=relatedarticles&logdbfrom=pubmed'>Related, PubMed</a>","<a href='https://scholar.google.com/scholar?q=related:https://pmc.ncbi.nlm.nih.gov/articles/PMC11693488/'>Related, Google Scholar</a>","<a href='https://pubmed.ncbi.nlm.nih.gov/?linkname=pubmed_pubmed_citedin&from_uid=39136075'>Cited By, PMID</a>","<a href='https://scholar.google.com/scholar?hl=en&lr=&cites=https://pmc.ncbi.nlm.nih.gov/articles/PMC11693488/'>Cited By, Google</a>"," ",
"R01MH125870","Department of Child & Adolescent Psychiatry, NYU Langone Health, New York, New York, USA.","2025","Menu, Iris; Ji, Lanxin; Bhatia, Tanya; Duffy, Mark; Hendrix, Cassandra L; Thomason, Moriah E","United States","1467-8624","1","<a href='https://pubmed.ncbi.nlm.nih.gov/39136075'>Child development</a>","Child Dev","96","eng","36-54","11693488","39136075","2025","Beyond average outcomes: A latent profile analysis of diverse developmental trajectories in preterm and early term-born children from the Adolescent Brain Cognitive Development study.","<a href='https://pubmed.ncbi.nlm.nih.gov/?Db=pubmed&DbFrom=pubmed&Cmd=Link&LinkName=pubmed_pubmed&IdsFromResult=39136075&ordinalpos=1&itool=EntrezSystem2.PEntrez.Pubmed.Pubmed_ResultsPanel.Pubmed_DiscoveryPanel.Pubmed_Discovery_RA&log$=relatedarticles&logdbfrom=pubmed'>Related, PubMed</a>","<a href='https://scholar.google.com/scholar?q=related:https://pmc.ncbi.nlm.nih.gov/articles/PMC11693488/'>Related, Google Scholar</a>","<a href='https://pubmed.ncbi.nlm.nih.gov/?linkname=pubmed_pubmed_citedin&from_uid=39136075'>Cited By, PMID</a>","<a href='https://scholar.google.com/scholar?hl=en&lr=&cites=https://pmc.ncbi.nlm.nih.gov/articles/PMC11693488/'>Cited By, Google</a>"," ",
"R21MH128570","Department of Psychology, Louisiana State University, Baton Rouge, Louisiana, USA.","2025","Hill, Ryan M; Busby, Danielle; Brown, Jennifer L; Sumlin, Eric; Fernandez, Estefania; Sharp, Carla","England","1943-278X","1","<a href='https://pubmed.ncbi.nlm.nih.gov/37681310'>Suicide & life-threatening behavior</a>","Suicide Life Threat Behav","55","eng","e13000","10920392","37681310","2025 Feb","Cultural Consensus Modeling to identify culturally relevant reasons for and against suicide among Black adolescents.","<a href='https://pubmed.ncbi.nlm.nih.gov/?Db=pubmed&DbFrom=pubmed&Cmd=Link&LinkName=pubmed_pubmed&IdsFromResult=37681310&ordinalpos=1&itool=EntrezSystem2.PEntrez.Pubmed.Pubmed_ResultsPanel.Pubmed_DiscoveryPanel.Pubmed_Discovery_RA&log$=relatedarticles&logdbfrom=pubmed'>Related, PubMed</a>","<a href='https://scholar.google.com/scholar?q=related:https://pmc.ncbi.nlm.nih.gov/articles/PMC10920392/'>Related, Google Scholar</a>","<a href='https://pubmed.ncbi.nlm.nih.gov/?linkname=pubmed_pubmed_citedin&from_uid=37681310'>Cited By, PMID</a>","<a href='https://scholar.google.com/scholar?hl=en&lr=&cites=https://pmc.ncbi.nlm.nih.gov/articles/PMC10920392/'>Cited By, Google</a>"," ",
"F32MH134528","Emory University School of Medicine, Atlanta, GA, USA.","2025","Huibregtse, Megan E; Wallace, Shimarith; Ravi, Meghna; Karra, Sriya; McAfee, Elizabeth E; Hinojosa, Cecilia A; Mekawi, Yara; Powers, Abigail; Michopoulos, Vasiliki; Lathan, Emma C","United States","1552-6518","1-2","<a href='https://pubmed.ncbi.nlm.nih.gov/38622881'>Journal of interpersonal violence</a>","J Interpers Violence","40","eng","101-120","11473712","38622881","2025 Jan","<a href='https://www.ncbi.nlm.nih.gov/pmc/articles/11473712'>The Relations Among Childhood Maltreatment and Later Intimate Partner Violence Victimization With and Without a Weapon in a Sample of Pregnant Black Individuals.</a>","<a href='https://pubmed.ncbi.nlm.nih.gov/?Db=pubmed&DbFrom=pubmed&Cmd=Link&LinkName=pubmed_pubmed&IdsFromResult=38622881&ordinalpos=1&itool=EntrezSystem2.PEntrez.Pubmed.Pubmed_ResultsPanel.Pubmed_DiscoveryPanel.Pubmed_Discovery_RA&log$=relatedarticles&logdbfrom=pubmed'>Related, PubMed</a>","<a href='https://scholar.google.com/scholar?q=related:https://pmc.ncbi.nlm.nih.gov/articles/PMC11473712/'>Related, Google Scholar</a>","<a href='https://pubmed.ncbi.nlm.nih.gov/?linkname=pubmed_pubmed_citedin&from_uid=38622881'>Cited By, PMID</a>","<a href='https://scholar.google.com/scholar?hl=en&lr=&cites=https://pmc.ncbi.nlm.nih.gov/articles/PMC11473712/'>Cited By, Google</a>"," ",
"T32MH100019","Washington University School of Medicine in St. Louis, St. Louis, Missouri. Electronic address: mperino@wustl.edu.","2025","Perino, Michael T; Sylvester, Chad M; Rogers, Cynthia E; Luby, Joan L; Barch, Deanna M","United States","1527-5418","1","<a href='https://pubmed.ncbi.nlm.nih.gov/38522614'>Journal of the American Academy of Child and Adolescent Psychiatry</a>","J Am Acad Child Adolesc Psychiatry","64","eng","53-64"," ","38522614","2025 Jan","Neighborhood Resource Deprivation as a Predictor of Bullying Perpetration and Resource-Driven Conduct Symptoms.","<a href='https://pubmed.ncbi.nlm.nih.gov/?Db=pubmed&DbFrom=pubmed&Cmd=Link&LinkName=pubmed_pubmed&IdsFromResult=38522614&ordinalpos=1&itool=EntrezSystem2.PEntrez.Pubmed.Pubmed_ResultsPanel.Pubmed_DiscoveryPanel.Pubmed_Discovery_RA&log$=relatedarticles&logdbfrom=pubmed'>Related, PubMed</a>","<a href='https://scholar.google.com/scholar?hl=en&q=Neighborhood Resource Deprivation as a Predictor of Bullying Perpetration and Resource-Driven Conduct Symptoms.'>Related, Google Scholar</a>","<a href='https://pubmed.ncbi.nlm.nih.gov/?linkname=pubmed_pubmed_citedin&from_uid=38522614'>Cited By, PMID</a>"," "," ",
"R01MH124873","Centre for Clinical Brain Sciences, University of Edinburgh, Edinburgh, UK.","2025","Kanjira, S C; Adams, M J; Jiang, Y; Tian, C; 23andMe Research Team; Lewis, C M; Kuchenbaecker, K; McIntosh, A M","England","1476-5578","1","<a href='https://pubmed.ncbi.nlm.nih.gov/39014000'>Molecular psychiatry</a>","Mol Psychiatry","30","eng","151-157","11649553","39014000","2025 Jan","<a href='https://www.ncbi.nlm.nih.gov/pmc/articles/11649553'>Polygenic prediction of major depressive disorder and related traits in African ancestries UK Biobank participants.</a>","<a href='https://pubmed.ncbi.nlm.nih.gov/?Db=pubmed&DbFrom=pubmed&Cmd=Link&LinkName=pubmed_pubmed&IdsFromResult=39014000&ordinalpos=1&itool=EntrezSystem2.PEntrez.Pubmed.Pubmed_ResultsPanel.Pubmed_DiscoveryPanel.Pubmed_Discovery_RA&log$=relatedarticles&logdbfrom=pubmed'>Related, PubMed</a>","<a href='https://scholar.google.com/scholar?q=related:https://pmc.ncbi.nlm.nih.gov/articles/PMC11649553/'>Related, Google Scholar</a>","<a href='https://pubmed.ncbi.nlm.nih.gov/?linkname=pubmed_pubmed_citedin&from_uid=39014000'>Cited By, PMID</a>","<a href='https://scholar.google.com/scholar?hl=en&lr=&cites=https://pmc.ncbi.nlm.nih.gov/articles/PMC11649553/'>Cited By, Google</a>"," ",
"K23MH126366","Department of Emergency Medicine (PJ, CJG, LR, DS, AK, IVF, BN, ECS, RAT, AHW), Yale School of Medicine, New Haven, CT.","2025","Jivalagian, Patelle; Gettel, Cameron J; Smith, Colin M; Robinson, Leah; Brinker, Morgan; Shah, Dhruvil; Kumar, Anusha; Faustino, Isaac V; Nath, Bidisha; Chang-Sing, Erika; Taylor, R Andrew; Kennedy, Maura; Hwang, Ula; Wong, Ambrose H","England","1545-7214","1","<a href='https://pubmed.ncbi.nlm.nih.gov/39054237'>The American journal of geriatric psychiatry : official journal of the American Association for Geriatric Psychiatry</a>","Am J Geriatr Psychiatry","33","eng","1-14","11625012","39054237","2025 Jan","Racial, Ethnic, and Age-Related Disparities in Sedation and Restraint Use for Older Adults in the Emergency Department.","<a href='https://pubmed.ncbi.nlm.nih.gov/?Db=pubmed&DbFrom=pubmed&Cmd=Link&LinkName=pubmed_pubmed&IdsFromResult=39054237&ordinalpos=1&itool=EntrezSystem2.PEntrez.Pubmed.Pubmed_ResultsPanel.Pubmed_DiscoveryPanel.Pubmed_Discovery_RA&log$=relatedarticles&logdbfrom=pubmed'>Related, PubMed</a>","<a href='https://scholar.google.com/scholar?q=related:https://pmc.ncbi.nlm.nih.gov/articles/PMC11625012/'>Related, Google Scholar</a>","<a href='https://pubmed.ncbi.nlm.nih.gov/?linkname=pubmed_pubmed_citedin&from_uid=39054237'>Cited By, PMID</a>","<a href='https://scholar.google.com/scholar?hl=en&lr=&cites=https://pmc.ncbi.nlm.nih.gov/articles/PMC11625012/'>Cited By, Google</a>"," ",
"T32MH016880","Department of Psychology and Neuroscience, University of Colorado Boulder, Boulder, CO, United States.","2025","Rader, Lydia; Wager, Tor D; Friedman, Naomi P","United States","1872-6623","1","<a href='https://pubmed.ncbi.nlm.nih.gov/39106461'>Pain</a>","Pain","166","eng","212-221"," ","39106461","2025 Jan 01","Chronic pain is specifically associated with updating working memory: a longitudinal twin study.","<a href='https://pubmed.ncbi.nlm.nih.gov/?Db=pubmed&DbFrom=pubmed&Cmd=Link&LinkName=pubmed_pubmed&IdsFromResult=39106461&ordinalpos=1&itool=EntrezSystem2.PEntrez.Pubmed.Pubmed_ResultsPanel.Pubmed_DiscoveryPanel.Pubmed_Discovery_RA&log$=relatedarticles&logdbfrom=pubmed'>Related, PubMed</a>","<a href='https://scholar.google.com/scholar?hl=en&q=Chronic pain is specifically associated with updating working memory: a longitudinal twin study.'>Related, Google Scholar</a>","<a href='https://pubmed.ncbi.nlm.nih.gov/?linkname=pubmed_pubmed_citedin&from_uid=39106461'>Cited By, PMID</a>"," "," ",
"T32MH016880","Medical Research Council Unit for Lifelong Health and Ageing at UCL, Institute of Cardiovascular Science, UCL, London WC1E 7HB, UK.","2025","Chiesa, Scott T; Rader, Lydia; Garfield, Victoria; Foote, Isabelle; Suri, Sana; Davey Smith, George; Hughes, Alun D; Richardson, Tom G","England","1460-2156","1","<a href='https://pubmed.ncbi.nlm.nih.gov/38889233'>Brain : a journal of neurology</a>","Brain","148","eng","133-142","11706278","38889233","2025 Jan 07","<a href='https://www.ncbi.nlm.nih.gov/pmc/articles/11706278'>Childhood adiposity underlies numerous adult brain traits commonly attributed to midlife obesity.</a>","<a href='https://pubmed.ncbi.nlm.nih.gov/?Db=pubmed&DbFrom=pubmed&Cmd=Link&LinkName=pubmed_pubmed&IdsFromResult=38889233&ordinalpos=1&itool=EntrezSystem2.PEntrez.Pubmed.Pubmed_ResultsPanel.Pubmed_DiscoveryPanel.Pubmed_Discovery_RA&log$=relatedarticles&logdbfrom=pubmed'>Related, PubMed</a>","<a href='https://scholar.google.com/scholar?q=related:https://pmc.ncbi.nlm.nih.gov/articles/PMC11706278/'>Related, Google Scholar</a>","<a href='https://pubmed.ncbi.nlm.nih.gov/?linkname=pubmed_pubmed_citedin&from_uid=38889233'>Cited By, PMID</a>","<a href='https://scholar.google.com/scholar?hl=en&lr=&cites=https://pmc.ncbi.nlm.nih.gov/articles/PMC11706278/'>Cited By, Google</a>"," ",
"R01MH122446","Department of Psychiatry and Human Behavior, Alpert Medical School of Brown University, Providence, RI, USA. jessica_peters@brown.edu.","2025","Peters, Jessica R; Schmalenberger, Katja M; Eng, Ashley G; Stumper, Allison; Martel, Michelle M; Eisenlohr-Moul, Tory A","England","1476-5578","1","<a href='https://pubmed.ncbi.nlm.nih.gov/39143323'>Molecular psychiatry</a>","Mol Psychiatry","30","eng","251-262"," ","39143323","2025 Jan","Dimensional Affective Sensitivity to Hormones across the Menstrual Cycle (DASH-MC): A transdiagnostic framework for ovarian steroid influences on psychopathology.","<a href='https://pubmed.ncbi.nlm.nih.gov/?Db=pubmed&DbFrom=pubmed&Cmd=Link&LinkName=pubmed_pubmed&IdsFromResult=39143323&ordinalpos=1&itool=EntrezSystem2.PEntrez.Pubmed.Pubmed_ResultsPanel.Pubmed_DiscoveryPanel.Pubmed_Discovery_RA&log$=relatedarticles&logdbfrom=pubmed'>Related, PubMed</a>","<a href='https://scholar.google.com/scholar?hl=en&q=Dimensional Affective Sensitivity to Hormones across the Menstrual Cycle (DASH-MC): A transdiagnostic framework for ovarian steroid influences on psychopathology.'>Related, Google Scholar</a>","<a href='https://pubmed.ncbi.nlm.nih.gov/?linkname=pubmed_pubmed_citedin&from_uid=39143323'>Cited By, PMID</a>"," "," ",
"R01MH130435","Division of Epidemiology II, Office of Surveillance and Epidemiology, United States Food and Drug Administration, Silver Spring, Maryland, USA.","2025","Chen, Cheng; Pham Nguyen, Thanh Phuong; Hughes, John E; Hennessy, Sean; Leonard, Charles E; Miano, Todd A; Douros, Antonios; Gagne, Joshua J; Bykov, Katsiaryna","England","1099-1557","1","<a href='https://pubmed.ncbi.nlm.nih.gov/39805810'>Pharmacoepidemiology and drug safety</a>","Pharmacoepidemiol Drug Saf","34","eng","e70088"," ","39805810","2025 Jan","Evaluation of Drug-Drug Interactions in Pharmacoepidemiologic Research.","<a href='https://pubmed.ncbi.nlm.nih.gov/?Db=pubmed&DbFrom=pubmed&Cmd=Link&LinkName=pubmed_pubmed&IdsFromResult=39805810&ordinalpos=1&itool=EntrezSystem2.PEntrez.Pubmed.Pubmed_ResultsPanel.Pubmed_DiscoveryPanel.Pubmed_Discovery_RA&log$=relatedarticles&logdbfrom=pubmed'>Related, PubMed</a>","<a href='https://scholar.google.com/scholar?hl=en&q=Evaluation of Drug-Drug Interactions in Pharmacoepidemiologic Research.'>Related, Google Scholar</a>","<a href='https://pubmed.ncbi.nlm.nih.gov/?linkname=pubmed_pubmed_citedin&from_uid=39805810'>Cited By, PMID</a>"," "," ",
"R01MH133740","Department of Pediatrics, Children's Healthcare of Atlanta, Emory University School of Medicine, Atlanta, GA, USA.","2025","Butkovich, Laura M; Yount, Sophie T; Allen, Aylet T; Seo, Esther H; Swanson, Andrew M; Gourley, Shannon L","England","2045-2322","1","<a href='https://pubmed.ncbi.nlm.nih.gov/39805892'>Scientific reports</a>","Sci Rep","15","eng","1863","11730666","39805892","2025 Jan 13","<a href='https://www.ncbi.nlm.nih.gov/pmc/articles/11730666'>Action inflexibility and compulsive-like behavior accompany neurobiological alterations in the anterior orbitofrontal cortex and associated striatal nuclei.</a>","<a href='https://pubmed.ncbi.nlm.nih.gov/?Db=pubmed&DbFrom=pubmed&Cmd=Link&LinkName=pubmed_pubmed&IdsFromResult=39805892&ordinalpos=1&itool=EntrezSystem2.PEntrez.Pubmed.Pubmed_ResultsPanel.Pubmed_DiscoveryPanel.Pubmed_Discovery_RA&log$=relatedarticles&logdbfrom=pubmed'>Related, PubMed</a>","<a href='https://scholar.google.com/scholar?q=related:https://pmc.ncbi.nlm.nih.gov/articles/PMC11730666/'>Related, Google Scholar</a>","<a href='https://pubmed.ncbi.nlm.nih.gov/?linkname=pubmed_pubmed_citedin&from_uid=39805892'>Cited By, PMID</a>","<a href='https://scholar.google.com/scholar?hl=en&lr=&cites=https://pmc.ncbi.nlm.nih.gov/articles/PMC11730666/'>Cited By, Google</a>"," ",
"R00MH116115","Department of Psychiatry and Psychotherapy, Charité - Universitätsmedizin Berlin, Germany.","2025","Panagiotaropoulou, Georgia; Hellberg, Kajsa-Lotta Georgii; Coleman, Jonathan R I; Seok, Darsol; Kalman, Janos; Bipolar Disorder Working Group of the Psychiatric Genomics Consortium; Major Depressive Disorder Working Group of the Psychiatric Genomics Consortium; iPSYCH Study Consortium; Mitchell, Philip B; Schofield, Peter R; Forstner, Andreas J; Bauer, Michael; Scott, Laura J; Pato, Carlos N; Pato, Michele T; Li, Qingqin S; Kirov, George; Landén, Mikael; Jonsson, Lina; Müller-Myhsok, Bertram; Smoller, Jordan W; Binder, Elisabeth B; Brückl, Tanja M; Czamara, Darina; Van der Auwera, Sandra; Grabe, Hans J; Homuth, Georg; Schmidt, Carsten O; Potash, James B; DePaulo, J Raymond; Goes, Fernando S; MacKinnon, Dean F; Mondimore, Francis M; Weissman, Myrna M; Shi, Jianxin; Frye, Mark A; Biernacka, Joanna M; Reif, Andreas; Witt, Stephanie H; Kahn, René R; Boks, Marco M; Owen, Michael J; Gordon-Smith, Katherine; Mitchell, Brittany L; Martin, Nicholas G; Medland, Sarah E; Jones, Lisa; Knowles, James A; Levinson, Douglas F; O'Donovan, Michael C; Lewis, Cathryn M; Breen, Gerome; Werge, Thomas; Schork, Andrew J; Ophoff, Roel A; Ripke, Stephan; Olde Loohuis, Loes","England","1472-1465"," ","<a href='https://pubmed.ncbi.nlm.nih.gov/39806801'>The British journal of psychiatry : the journal of mental science</a>","Br J Psychiatry"," ","eng","1-12"," ","39806801","2025 Jan 14","Identifying genetic differences between bipolar disorder and major depression through multiple genome-wide association analyses.","<a href='https://pubmed.ncbi.nlm.nih.gov/?Db=pubmed&DbFrom=pubmed&Cmd=Link&LinkName=pubmed_pubmed&IdsFromResult=39806801&ordinalpos=1&itool=EntrezSystem2.PEntrez.Pubmed.Pubmed_ResultsPanel.Pubmed_DiscoveryPanel.Pubmed_Discovery_RA&log$=relatedarticles&logdbfrom=pubmed'>Related, PubMed</a>","<a href='https://scholar.google.com/scholar?hl=en&q=Identifying genetic differences between bipolar disorder and major depression through multiple genome-wide association analyses.'>Related, Google Scholar</a>","<a href='https://pubmed.ncbi.nlm.nih.gov/?linkname=pubmed_pubmed_citedin&from_uid=39806801'>Cited By, PMID</a>"," "," ",
"P50MH115846","Social, Genetic and Developmental Psychiatry Centre, Institute of Psychiatry, Psychology and Neuroscience, King's College London, London, UK.","2025","Bond, Benjamin W; Duric, Bea; Spinazzola, Edoardo; Trotta, Giulia; Chesney, Edward; Li, Zhikun; Quattrone, Diego; Tripoli, Giada; Gayer-Anderson, Charlotte; Rodriguez, Victoria; Ferraro, Laura; La Cascia, Caterina; Tarricone, Ilaria; Szöke, Andrei; Arango, Celso; Bobes, Julio; Bernardo, Miquel; Del-Ben, Cristina Marta; Menezes, Paulo Rossi; Selten, Jean-Paul; Rutten, Bart P F; de Haan, Lieuwe; Stilo, Simona; Schürhoff, Franck; Pignon, Baptiste; Freeman, Tom P; Vassos, Evangelos; Murray, Robin M; Austin-Zimmerman, Isabelle; Di Forti, Marta","United States","1497-0015"," ","<a href='https://pubmed.ncbi.nlm.nih.gov/39810593'>Canadian journal of psychiatry. Revue canadienne de psychiatrie</a>","Can J Psychiatry"," ","eng","7067437241290187","11733868","39810593","2025 Jan 15","<a href='https://www.ncbi.nlm.nih.gov/pmc/articles/11733868'>Cannabis Use Cessation and the Risk of Psychotic Disorders: A Case-Control Analysis from the First Episode Case-Control EU-GEI WP2 Study: L'arrêt de l'utilisation du cannabis et le risque de troubles psychotiques: Une analyse cas-témoins tirée de l'étude cas-témoins EU-GEI WP2 centrée sur les premiers épisodes psychotiques.</a>","<a href='https://pubmed.ncbi.nlm.nih.gov/?Db=pubmed&DbFrom=pubmed&Cmd=Link&LinkName=pubmed_pubmed&IdsFromResult=39810593&ordinalpos=1&itool=EntrezSystem2.PEntrez.Pubmed.Pubmed_ResultsPanel.Pubmed_DiscoveryPanel.Pubmed_Discovery_RA&log$=relatedarticles&logdbfrom=pubmed'>Related, PubMed</a>","<a href='https://scholar.google.com/scholar?q=related:https://pmc.ncbi.nlm.nih.gov/articles/PMC11733868/'>Related, Google Scholar</a>","<a href='https://pubmed.ncbi.nlm.nih.gov/?linkname=pubmed_pubmed_citedin&from_uid=39810593'>Cited By, PMID</a>","<a href='https://scholar.google.com/scholar?hl=en&lr=&cites=https://pmc.ncbi.nlm.nih.gov/articles/PMC11733868/'>Cited By, Google</a>"," ",
"K23MH125143","Neuroendocrine Unit, Massachusetts General Hospital, Boston, Massachusetts, USA.","2025","Gydus, Julia; Holman, Katherine; Harshman, Stephanie; Stull, Madeline; Kuhnle, Megan; Wons, Olivia; Asanza, Elisa; Hauser, Kristine; Stern, Casey; Becker, Kendra R; Kambanis, P Evelyna; Misra, Madhusmita; Eddy, Kamryn T; Micali, Nadia; Lawson, Elizabeth A; Thomas, Jennifer J","United States","1098-108X"," ","<a href='https://pubmed.ncbi.nlm.nih.gov/39821215'>The International journal of eating disorders</a>","Int J Eat Disord"," ","eng"," "," ","39821215","2025 Jan 17","Differences in Perceived Versus Actual Sensory Perception in Avoidant/Restrictive Food Intake Disorder.","<a href='https://pubmed.ncbi.nlm.nih.gov/?Db=pubmed&DbFrom=pubmed&Cmd=Link&LinkName=pubmed_pubmed&IdsFromResult=39821215&ordinalpos=1&itool=EntrezSystem2.PEntrez.Pubmed.Pubmed_ResultsPanel.Pubmed_DiscoveryPanel.Pubmed_Discovery_RA&log$=relatedarticles&logdbfrom=pubmed'>Related, PubMed</a>","<a href='https://scholar.google.com/scholar?hl=en&q=Differences in Perceived Versus Actual Sensory Perception in Avoidant/Restrictive Food Intake Disorder.'>Related, Google Scholar</a>","<a href='https://pubmed.ncbi.nlm.nih.gov/?linkname=pubmed_pubmed_citedin&from_uid=39821215'>Cited By, PMID</a>"," "," ",
"T32MH125792","Center for Health Policy and Health Services Research, Henry Ford Health System, Detroit, MI, USA. ehaley1@hfhs.org.","2025","Haley, Erin; Coyne, Paige; Carlin, Arthur; Santarossa, Sara; Loree, Amy; Braciszewski, Jordan; Brescacin, Carly; Matero, Lisa","United States","1708-0428"," ","<a href='https://pubmed.ncbi.nlm.nih.gov/39821895'>Obesity surgery</a>","Obes Surg"," ","eng"," "," ","39821895","2025 Jan 16","Characteristics and Clinical Outcomes of Women with Polycystic Ovary Syndrome After Bariatric Surgery.","<a href='https://pubmed.ncbi.nlm.nih.gov/?Db=pubmed&DbFrom=pubmed&Cmd=Link&LinkName=pubmed_pubmed&IdsFromResult=39821895&ordinalpos=1&itool=EntrezSystem2.PEntrez.Pubmed.Pubmed_ResultsPanel.Pubmed_DiscoveryPanel.Pubmed_Discovery_RA&log$=relatedarticles&logdbfrom=pubmed'>Related, PubMed</a>","<a href='https://scholar.google.com/scholar?hl=en&q=Characteristics and Clinical Outcomes of Women with Polycystic Ovary Syndrome After Bariatric Surgery.'>Related, Google Scholar</a>","<a href='https://pubmed.ncbi.nlm.nih.gov/?linkname=pubmed_pubmed_citedin&from_uid=39821895'>Cited By, PMID</a>"," "," ",
"R01MH120136","Department of Pharmacology and Toxicology, University of Texas Medical Branch, Galveston, TX, USA.","2025","Dvorak, Nolan M; Wadsworth, Paul A; Aquino-Miranda, Guillermo; Wang, Pingyuan; Engelke, Douglas S; Zhou, Jingheng; Nguyen, Nghi; Singh, Aditya K; Aceto, Giuseppe; Haghighijoo, Zahra; Smith, Isabella I; Goode, Nana; Zhou, Mingxiang; Avchalumov, Yosef; Troendle, Evan P; Tapia, Cynthia M; Chen, Haiying; Powell, Reid T; Baumgartner, Timothy J; Singh, Jully; Koff, Leandra; Di Re, Jessica; Wadsworth, Ann E; Marosi, Mate; Azar, Marc R; Elias, Kristina; Lehmann, Paul; Mármol Contreras, Yorkiris M; Shah, Poonam; Gutierrez, Hector; Green, Thomas A; Ulmschneider, Martin B; D'Ascenzo, Marcello; Stephan, Clifford; Cui, Guohong; Do Monte, Fabricio H; Zhou, Jia; Laezza, Fernanda","England","2041-1723","1","<a href='https://pubmed.ncbi.nlm.nih.gov/39747162'>Nature communications</a>","Nat Commun","16","eng","110","11696184","39747162","2025 Jan 02","<a href='https://www.ncbi.nlm.nih.gov/pmc/articles/11696184'>Enhanced motivated behavior mediated by pharmacological targeting of the FGF14/Nav1.6 complex in nucleus accumbens neurons.</a>","<a href='https://pubmed.ncbi.nlm.nih.gov/?Db=pubmed&DbFrom=pubmed&Cmd=Link&LinkName=pubmed_pubmed&IdsFromResult=39747162&ordinalpos=1&itool=EntrezSystem2.PEntrez.Pubmed.Pubmed_ResultsPanel.Pubmed_DiscoveryPanel.Pubmed_Discovery_RA&log$=relatedarticles&logdbfrom=pubmed'>Related, PubMed</a>","<a href='https://scholar.google.com/scholar?q=related:https://pmc.ncbi.nlm.nih.gov/articles/PMC11696184/'>Related, Google Scholar</a>","<a href='https://pubmed.ncbi.nlm.nih.gov/?linkname=pubmed_pubmed_citedin&from_uid=39747162'>Cited By, PMID</a>","<a href='https://scholar.google.com/scholar?hl=en&lr=&cites=https://pmc.ncbi.nlm.nih.gov/articles/PMC11696184/'>Cited By, Google</a>"," ",
"R01MH131570","Department of Pharmacology and Toxicology, University of Texas Medical Branch, Galveston, TX, USA.","2025","Dvorak, Nolan M; Wadsworth, Paul A; Aquino-Miranda, Guillermo; Wang, Pingyuan; Engelke, Douglas S; Zhou, Jingheng; Nguyen, Nghi; Singh, Aditya K; Aceto, Giuseppe; Haghighijoo, Zahra; Smith, Isabella I; Goode, Nana; Zhou, Mingxiang; Avchalumov, Yosef; Troendle, Evan P; Tapia, Cynthia M; Chen, Haiying; Powell, Reid T; Baumgartner, Timothy J; Singh, Jully; Koff, Leandra; Di Re, Jessica; Wadsworth, Ann E; Marosi, Mate; Azar, Marc R; Elias, Kristina; Lehmann, Paul; Mármol Contreras, Yorkiris M; Shah, Poonam; Gutierrez, Hector; Green, Thomas A; Ulmschneider, Martin B; D'Ascenzo, Marcello; Stephan, Clifford; Cui, Guohong; Do Monte, Fabricio H; Zhou, Jia; Laezza, Fernanda","England","2041-1723","1","<a href='https://pubmed.ncbi.nlm.nih.gov/39747162'>Nature communications</a>","Nat Commun","16","eng","110","11696184","39747162","2025 Jan 02","<a href='https://www.ncbi.nlm.nih.gov/pmc/articles/11696184'>Enhanced motivated behavior mediated by pharmacological targeting of the FGF14/Nav1.6 complex in nucleus accumbens neurons.</a>","<a href='https://pubmed.ncbi.nlm.nih.gov/?Db=pubmed&DbFrom=pubmed&Cmd=Link&LinkName=pubmed_pubmed&IdsFromResult=39747162&ordinalpos=1&itool=EntrezSystem2.PEntrez.Pubmed.Pubmed_ResultsPanel.Pubmed_DiscoveryPanel.Pubmed_Discovery_RA&log$=relatedarticles&logdbfrom=pubmed'>Related, PubMed</a>","<a href='https://scholar.google.com/scholar?q=related:https://pmc.ncbi.nlm.nih.gov/articles/PMC11696184/'>Related, Google Scholar</a>","<a href='https://pubmed.ncbi.nlm.nih.gov/?linkname=pubmed_pubmed_citedin&from_uid=39747162'>Cited By, PMID</a>","<a href='https://scholar.google.com/scholar?hl=en&lr=&cites=https://pmc.ncbi.nlm.nih.gov/articles/PMC11696184/'>Cited By, Google</a>"," ",
"R15MH126317","Department of Molecular, Cellular, and Biomedical Sciences, College of Life Sciences and Agriculture, University of New Hampshire, Durham, NH, 03824, USA. mstrobel@bwh.harvard.edu.","2025","Strobel, Matthew R; Zhou, Yuxin; Qiu, Liyan; Hofer, Aldebaran M; Chen, Xuanmao","England","2045-2322","1","<a href='https://pubmed.ncbi.nlm.nih.gov/39747370'>Scientific reports</a>","Sci Rep","15","eng","347","11697071","39747370","2025 Jan 02","<a href='https://www.ncbi.nlm.nih.gov/pmc/articles/11697071'>Temporal ablation of the ciliary protein IFT88 alters normal brainwave patterns.</a>","<a href='https://pubmed.ncbi.nlm.nih.gov/?Db=pubmed&DbFrom=pubmed&Cmd=Link&LinkName=pubmed_pubmed&IdsFromResult=39747370&ordinalpos=1&itool=EntrezSystem2.PEntrez.Pubmed.Pubmed_ResultsPanel.Pubmed_DiscoveryPanel.Pubmed_Discovery_RA&log$=relatedarticles&logdbfrom=pubmed'>Related, PubMed</a>","<a href='https://scholar.google.com/scholar?q=related:https://pmc.ncbi.nlm.nih.gov/articles/PMC11697071/'>Related, Google Scholar</a>","<a href='https://pubmed.ncbi.nlm.nih.gov/?linkname=pubmed_pubmed_citedin&from_uid=39747370'>Cited By, PMID</a>","<a href='https://scholar.google.com/scholar?hl=en&lr=&cites=https://pmc.ncbi.nlm.nih.gov/articles/PMC11697071/'>Cited By, Google</a>"," ",
"R01MH124870","Department of Neuroscience, The Ohio State University College of Medicine, Columbus, OH 43210.","2025","Hanson, Meretta A; Bibi, Noor; Safa, Alireza; Nagarajan, Devipriyanka; Marshall, Alec H; Johantges, Aidan C; Wester, Jason C","United States","1529-2401"," ","<a href='https://pubmed.ncbi.nlm.nih.gov/39753301'>The Journal of neuroscience : the official journal of the Society for Neuroscience</a>","J Neurosci"," ","eng"," "," ","39753301","2025 Jan 03","Development of differential sublaminar feedforward inhibitory circuits in CA1 hippocampus requires Satb2.","<a href='https://pubmed.ncbi.nlm.nih.gov/?Db=pubmed&DbFrom=pubmed&Cmd=Link&LinkName=pubmed_pubmed&IdsFromResult=39753301&ordinalpos=1&itool=EntrezSystem2.PEntrez.Pubmed.Pubmed_ResultsPanel.Pubmed_DiscoveryPanel.Pubmed_Discovery_RA&log$=relatedarticles&logdbfrom=pubmed'>Related, PubMed</a>","<a href='https://scholar.google.com/scholar?hl=en&q=Development of differential sublaminar feedforward inhibitory circuits in CA1 hippocampus requires Satb2.'>Related, Google Scholar</a>","<a href='https://pubmed.ncbi.nlm.nih.gov/?linkname=pubmed_pubmed_citedin&from_uid=39753301'>Cited By, PMID</a>"," "," ",
"R21MH125052","University of Houston, Houston, Texas, USA.","2025","Boone, Kiran; Babinski, Dara; Kujawa, Autumn; Pegg, Samantha; Sharp, Carla","England","1932-863X","1","<a href='https://pubmed.ncbi.nlm.nih.gov/39763020'>Personality and mental health</a>","Personal Ment Health","19","eng","e70000"," ","39763020","2025 Feb","The incremental validity of level of personality functioning over borderline personality features in associations with early adolescent social reward processing.","<a href='https://pubmed.ncbi.nlm.nih.gov/?Db=pubmed&DbFrom=pubmed&Cmd=Link&LinkName=pubmed_pubmed&IdsFromResult=39763020&ordinalpos=1&itool=EntrezSystem2.PEntrez.Pubmed.Pubmed_ResultsPanel.Pubmed_DiscoveryPanel.Pubmed_Discovery_RA&log$=relatedarticles&logdbfrom=pubmed'>Related, PubMed</a>","<a href='https://scholar.google.com/scholar?hl=en&q=The incremental validity of level of personality functioning over borderline personality features in associations with early adolescent social reward processing.'>Related, Google Scholar</a>","<a href='https://pubmed.ncbi.nlm.nih.gov/?linkname=pubmed_pubmed_citedin&from_uid=39763020'>Cited By, PMID</a>"," "," ",
"T32MH093311","Department of Psychology, Florida State University, Tallahassee, Florida, USA.","2025","Joiner, Thomas E; Robison, Morgan; Manwaring, Jamie; Rienecke, Renee D; Le Grange, Daniel; Duffy, Alan; Mehler, Philip S; Blalock, Dan V","United States","1097-4679"," ","<a href='https://pubmed.ncbi.nlm.nih.gov/39789916'>Journal of clinical psychology</a>","J Clin Psychol"," ","eng"," "," ","39789916","2025 Jan 09","The Reliability and Construct Validity of a Single-Item Assessment of Suicidal Ideation Among Patients With Mood and Anxiety Disorders.","<a href='https://pubmed.ncbi.nlm.nih.gov/?Db=pubmed&DbFrom=pubmed&Cmd=Link&LinkName=pubmed_pubmed&IdsFromResult=39789916&ordinalpos=1&itool=EntrezSystem2.PEntrez.Pubmed.Pubmed_ResultsPanel.Pubmed_DiscoveryPanel.Pubmed_Discovery_RA&log$=relatedarticles&logdbfrom=pubmed'>Related, PubMed</a>","<a href='https://scholar.google.com/scholar?hl=en&q=The Reliability and Construct Validity of a Single-Item Assessment of Suicidal Ideation Among Patients With Mood and Anxiety Disorders.'>Related, Google Scholar</a>","<a href='https://pubmed.ncbi.nlm.nih.gov/?linkname=pubmed_pubmed_citedin&from_uid=39789916'>Cited By, PMID</a>"," "," ",
"R01MH104450","Department of Psychiatry and Behavioral Sciences, University of Washington, Seattle, United States.","2025","Kong, Mi-Seon; Ancell, Ethan; Witten, Daniela M; Zweifel, Larry S","England","2050-084X"," ","<a href='https://pubmed.ncbi.nlm.nih.gov/39792138'>eLife</a>","Elife","13","eng"," ","11723578","39792138","2025 Jan 10","<a href='https://www.ncbi.nlm.nih.gov/pmc/articles/11723578'>Valence and salience encoding in the central amygdala.</a>","<a href='https://pubmed.ncbi.nlm.nih.gov/?Db=pubmed&DbFrom=pubmed&Cmd=Link&LinkName=pubmed_pubmed&IdsFromResult=39792138&ordinalpos=1&itool=EntrezSystem2.PEntrez.Pubmed.Pubmed_ResultsPanel.Pubmed_DiscoveryPanel.Pubmed_Discovery_RA&log$=relatedarticles&logdbfrom=pubmed'>Related, PubMed</a>","<a href='https://scholar.google.com/scholar?q=related:https://pmc.ncbi.nlm.nih.gov/articles/PMC11723578/'>Related, Google Scholar</a>","<a href='https://pubmed.ncbi.nlm.nih.gov/?linkname=pubmed_pubmed_citedin&from_uid=39792138'>Cited By, PMID</a>","<a href='https://scholar.google.com/scholar?hl=en&lr=&cites=https://pmc.ncbi.nlm.nih.gov/articles/PMC11723578/'>Cited By, Google</a>"," ",
"F32MH135657","Department of Psychology, Stanford University, Stanford, CA, USA. Electronic address: jpuy@stanford.edu.","2025","Uy, Jessica P; Shin, Katy; Buthmann, Jessica L; Kircanski, Katharina; LeMoult, Joelle; Berens, Anne E; Gotlib, Ian H","England","1873-3360"," ","<a href='https://pubmed.ncbi.nlm.nih.gov/39426039'>Psychoneuroendocrinology</a>","Psychoneuroendocrinology","171","eng","107214","11568899","39426039","2025 Jan","Exposure to diesel-related particulate matter, cortisol stress responsivity, and depressive symptoms in adolescents.","<a href='https://pubmed.ncbi.nlm.nih.gov/?Db=pubmed&DbFrom=pubmed&Cmd=Link&LinkName=pubmed_pubmed&IdsFromResult=39426039&ordinalpos=1&itool=EntrezSystem2.PEntrez.Pubmed.Pubmed_ResultsPanel.Pubmed_DiscoveryPanel.Pubmed_Discovery_RA&log$=relatedarticles&logdbfrom=pubmed'>Related, PubMed</a>","<a href='https://scholar.google.com/scholar?q=related:https://pmc.ncbi.nlm.nih.gov/articles/PMC11568899/'>Related, Google Scholar</a>","<a href='https://pubmed.ncbi.nlm.nih.gov/?linkname=pubmed_pubmed_citedin&from_uid=39426039'>Cited By, PMID</a>","<a href='https://scholar.google.com/scholar?hl=en&lr=&cites=https://pmc.ncbi.nlm.nih.gov/articles/PMC11568899/'>Cited By, Google</a>"," ",
"R01MH074374","Department of Psychological & Brain Sciences, University of Delaware, Newark, Delaware, USA.","2025","Carrera, Pablo; Zablah, Franssy M; de la Rosa, Yanira; Benito-Gomez, Marta","United States","1097-0355","1","<a href='https://pubmed.ncbi.nlm.nih.gov/39503189'>Infant mental health journal</a>","Infant Ment Health J","46","eng","3-14","11729471","39503189","2025 Jan","Scaling up Attachment and Biobehavioral Catch-up with Latine families: Implementation processes and effectiveness.","<a href='https://pubmed.ncbi.nlm.nih.gov/?Db=pubmed&DbFrom=pubmed&Cmd=Link&LinkName=pubmed_pubmed&IdsFromResult=39503189&ordinalpos=1&itool=EntrezSystem2.PEntrez.Pubmed.Pubmed_ResultsPanel.Pubmed_DiscoveryPanel.Pubmed_Discovery_RA&log$=relatedarticles&logdbfrom=pubmed'>Related, PubMed</a>","<a href='https://scholar.google.com/scholar?q=related:https://pmc.ncbi.nlm.nih.gov/articles/PMC11729471/'>Related, Google Scholar</a>","<a href='https://pubmed.ncbi.nlm.nih.gov/?linkname=pubmed_pubmed_citedin&from_uid=39503189'>Cited By, PMID</a>","<a href='https://scholar.google.com/scholar?hl=en&lr=&cites=https://pmc.ncbi.nlm.nih.gov/articles/PMC11729471/'>Cited By, Google</a>"," ",
"T32MH016804","Department of Psychiatry, University of Pittsburgh, Pittsburgh, Pennsylvania 15219.","2025","Crummy, Elizabeth A; Chamberlain, Brittany L; Gamboa, J P; Pierson, Jamie L; Ahmari, Susanne E","United States","1529-2401","2","<a href='https://pubmed.ncbi.nlm.nih.gov/39505409'>The Journal of neuroscience : the official journal of the Society for Neuroscience</a>","J Neurosci","45","eng"," ","11714351","39505409","2025 Jan 08","Persistent Threat Avoidance Following Negative Reinforcement Is Not Associated with Elevated State Anxiety.","<a href='https://pubmed.ncbi.nlm.nih.gov/?Db=pubmed&DbFrom=pubmed&Cmd=Link&LinkName=pubmed_pubmed&IdsFromResult=39505409&ordinalpos=1&itool=EntrezSystem2.PEntrez.Pubmed.Pubmed_ResultsPanel.Pubmed_DiscoveryPanel.Pubmed_Discovery_RA&log$=relatedarticles&logdbfrom=pubmed'>Related, PubMed</a>","<a href='https://scholar.google.com/scholar?q=related:https://pmc.ncbi.nlm.nih.gov/articles/PMC11714351/'>Related, Google Scholar</a>","<a href='https://pubmed.ncbi.nlm.nih.gov/?linkname=pubmed_pubmed_citedin&from_uid=39505409'>Cited By, PMID</a>","<a href='https://scholar.google.com/scholar?hl=en&lr=&cites=https://pmc.ncbi.nlm.nih.gov/articles/PMC11714351/'>Cited By, Google</a>"," ",
"R01MH126951","Department of Psychiatry, Dalhousie University, Halifax, Nova Scotia, Canada.","2025","Bissonnette, Jenna N; Anderson, T-Jay; Crocker, Candice E; Tibbo, Philip G; Salisbury, Dean F; Fisher, Derek J","United States","2169-5202","1","<a href='https://pubmed.ncbi.nlm.nih.gov/39150248'>Clinical EEG and neuroscience</a>","Clin EEG Neurosci","56","eng","91-99","11664881","39150248","2025 Jan","<a href='https://www.ncbi.nlm.nih.gov/pmc/articles/11664881'>Examining the Complex Mismatch Negativity in Early Phase Psychosis Using the Dual Rule Paradigm.</a>","<a href='https://pubmed.ncbi.nlm.nih.gov/?Db=pubmed&DbFrom=pubmed&Cmd=Link&LinkName=pubmed_pubmed&IdsFromResult=39150248&ordinalpos=1&itool=EntrezSystem2.PEntrez.Pubmed.Pubmed_ResultsPanel.Pubmed_DiscoveryPanel.Pubmed_Discovery_RA&log$=relatedarticles&logdbfrom=pubmed'>Related, PubMed</a>","<a href='https://scholar.google.com/scholar?q=related:https://pmc.ncbi.nlm.nih.gov/articles/PMC11664881/'>Related, Google Scholar</a>","<a href='https://pubmed.ncbi.nlm.nih.gov/?linkname=pubmed_pubmed_citedin&from_uid=39150248'>Cited By, PMID</a>","<a href='https://scholar.google.com/scholar?hl=en&lr=&cites=https://pmc.ncbi.nlm.nih.gov/articles/PMC11664881/'>Cited By, Google</a>"," ",
"R01MH126997","Memory and Aging Center (Chen, Haeusermann, Dada, Fong, Chiong), School of Nursing (James), and Institute for Health Policy Studies (Dohan), University of California, San Francisco; Department of Neurology, University of Pennsylvania, Philadelphia (Hamilton).","2025","Chen, Bryan B; Haeusermann, Tobias; Dada, Abraham; Hamilton, Roy H; James, Jennifer E; Fong, Kristina Celeste; Dohan, Daniel; Chiong, Winston","United States","1545-7222","1","<a href='https://pubmed.ncbi.nlm.nih.gov/39169740'>The Journal of neuropsychiatry and clinical neurosciences</a>","J Neuropsychiatry Clin Neurosci","37","eng","79-87"," ","39169740","2025","Race-Ethnicity, Rurality, and Age in Prospective Preferences and Concerns Regarding Closed-Loop Implanted Neural Devices.","<a href='https://pubmed.ncbi.nlm.nih.gov/?Db=pubmed&DbFrom=pubmed&Cmd=Link&LinkName=pubmed_pubmed&IdsFromResult=39169740&ordinalpos=1&itool=EntrezSystem2.PEntrez.Pubmed.Pubmed_ResultsPanel.Pubmed_DiscoveryPanel.Pubmed_Discovery_RA&log$=relatedarticles&logdbfrom=pubmed'>Related, PubMed</a>","<a href='https://scholar.google.com/scholar?hl=en&q=Race-Ethnicity, Rurality, and Age in Prospective Preferences and Concerns Regarding Closed-Loop Implanted Neural Devices.'>Related, Google Scholar</a>","<a href='https://pubmed.ncbi.nlm.nih.gov/?linkname=pubmed_pubmed_citedin&from_uid=39169740'>Cited By, PMID</a>"," "," ",
"R33MH116093","New York State Psychiatric Institute, New York, New York; College of Physicians and Surgeons, Columbia University, New York, New York; Nathan Kline Institute, Orangeburg, New York.","2025","Sehatpour, Pejman; Kantrowitz, Joshua T","United States","1873-2402","2","<a href='https://pubmed.ncbi.nlm.nih.gov/39218136'>Biological psychiatry</a>","Biol Psychiatry","97","eng","128-138","11634630","39218136","2025 Jan 15","Finding the Right Dose: NMDA Receptor-Modulating Treatments for Cognitive and Plasticity Deficits in Schizophrenia and the Role of Pharmacodynamic Target Engagement.","<a href='https://pubmed.ncbi.nlm.nih.gov/?Db=pubmed&DbFrom=pubmed&Cmd=Link&LinkName=pubmed_pubmed&IdsFromResult=39218136&ordinalpos=1&itool=EntrezSystem2.PEntrez.Pubmed.Pubmed_ResultsPanel.Pubmed_DiscoveryPanel.Pubmed_Discovery_RA&log$=relatedarticles&logdbfrom=pubmed'>Related, PubMed</a>","<a href='https://scholar.google.com/scholar?q=related:https://pmc.ncbi.nlm.nih.gov/articles/PMC11634630/'>Related, Google Scholar</a>","<a href='https://pubmed.ncbi.nlm.nih.gov/?linkname=pubmed_pubmed_citedin&from_uid=39218136'>Cited By, PMID</a>","<a href='https://scholar.google.com/scholar?hl=en&lr=&cites=https://pmc.ncbi.nlm.nih.gov/articles/PMC11634630/'>Cited By, Google</a>"," ",
"R25MH067127","Department of Health Behavior and Health Equity, University of Michigan School of Public Health, 1415 Washington Heights, Ann Arbor, MI, 48109-2029, USA. kgamarel@umich.edu.","2025","Gamarel, Kristi E; Stein, Ellen S; Correll-King, Wesley M; McCree, Breonna; Johnson, Jack; Pollack, Lance M; Neilands, Torsten B; Johnson, Mallory O; Operario, Don; Sevelius, Jae M","United States","1573-3254","1","<a href='https://pubmed.ncbi.nlm.nih.gov/39222184'>AIDS and behavior</a>","AIDS Behav","29","eng","37-44"," ","39222184","2025 Jan","A Cautionary Tale: Digital Clinical Trial Implementation of a Couples-Based HIV Prevention Study among Transgender Women and Their Partners in the United States.","<a href='https://pubmed.ncbi.nlm.nih.gov/?Db=pubmed&DbFrom=pubmed&Cmd=Link&LinkName=pubmed_pubmed&IdsFromResult=39222184&ordinalpos=1&itool=EntrezSystem2.PEntrez.Pubmed.Pubmed_ResultsPanel.Pubmed_DiscoveryPanel.Pubmed_Discovery_RA&log$=relatedarticles&logdbfrom=pubmed'>Related, PubMed</a>","<a href='https://scholar.google.com/scholar?hl=en&q=A Cautionary Tale: Digital Clinical Trial Implementation of a Couples-Based HIV Prevention Study among Transgender Women and Their Partners in the United States.'>Related, Google Scholar</a>","<a href='https://pubmed.ncbi.nlm.nih.gov/?linkname=pubmed_pubmed_citedin&from_uid=39222184'>Cited By, PMID</a>"," "," ",
"U01MH125045","Department of Psychiatry, School of Medicine, College of Health Sciences, Addis Ababa University, Addis Ababa, Ethiopia.","2025","Yared, Mahlet; Kim, Hannah H; Ametaj, Amantia; Alemayehu, Melkam; Stevenson, Anne; Milkias, Barkot; Girma, Engida; Gelaye, Bizu; Teferra, Solomon","Australia","1751-7893","1","<a href='https://pubmed.ncbi.nlm.nih.gov/39223760'>Early intervention in psychiatry</a>","Early Interv Psychiatry","19","eng","e13609","11729251","39223760","2025 Jan","<a href='https://www.ncbi.nlm.nih.gov/pmc/articles/11729251'>An Item Response Theory Analysis of the Psychosis Screening Questionnaire in Ethiopia.</a>","<a href='https://pubmed.ncbi.nlm.nih.gov/?Db=pubmed&DbFrom=pubmed&Cmd=Link&LinkName=pubmed_pubmed&IdsFromResult=39223760&ordinalpos=1&itool=EntrezSystem2.PEntrez.Pubmed.Pubmed_ResultsPanel.Pubmed_DiscoveryPanel.Pubmed_Discovery_RA&log$=relatedarticles&logdbfrom=pubmed'>Related, PubMed</a>","<a href='https://scholar.google.com/scholar?q=related:https://pmc.ncbi.nlm.nih.gov/articles/PMC11729251/'>Related, Google Scholar</a>","<a href='https://pubmed.ncbi.nlm.nih.gov/?linkname=pubmed_pubmed_citedin&from_uid=39223760'>Cited By, PMID</a>","<a href='https://scholar.google.com/scholar?hl=en&lr=&cites=https://pmc.ncbi.nlm.nih.gov/articles/PMC11729251/'>Cited By, Google</a>"," ",
"R01MH129721","Yale University School of Medicine and the Connecticut Mental Health Center, New Haven, Connecticut. Electronic address: albert.powers@yale.edu.","2025","Powers, Albert; Angelos, Phillip A; Bond, Alexandria; Farina, Emily; Fredericks, Carolyn; Gandhi, Jay; Greenwald, Maximillian; Hernandez-Busot, Gabriela; Hosein, Gabriel; Kelley, Megan; Mourgues, Catalina; Palmer, William; Rodriguez-Sanchez, Julia; Seabury, Rashina; Toribio, Silmilly; Vin, Raina; Weleff, Jeremy; Woods, Scott; Benrimoh, David","United States","1873-2402","2","<a href='https://pubmed.ncbi.nlm.nih.gov/39260466'>Biological psychiatry</a>","Biol Psychiatry","97","eng","117-127","11634669","39260466","2025 Jan 15","A Computational Account of the Development and Evolution of Psychotic Symptoms.","<a href='https://pubmed.ncbi.nlm.nih.gov/?Db=pubmed&DbFrom=pubmed&Cmd=Link&LinkName=pubmed_pubmed&IdsFromResult=39260466&ordinalpos=1&itool=EntrezSystem2.PEntrez.Pubmed.Pubmed_ResultsPanel.Pubmed_DiscoveryPanel.Pubmed_Discovery_RA&log$=relatedarticles&logdbfrom=pubmed'>Related, PubMed</a>","<a href='https://scholar.google.com/scholar?q=related:https://pmc.ncbi.nlm.nih.gov/articles/PMC11634669/'>Related, Google Scholar</a>","<a href='https://pubmed.ncbi.nlm.nih.gov/?linkname=pubmed_pubmed_citedin&from_uid=39260466'>Cited By, PMID</a>","<a href='https://scholar.google.com/scholar?hl=en&lr=&cites=https://pmc.ncbi.nlm.nih.gov/articles/PMC11634669/'>Cited By, Google</a>"," ",
"R01MH131768","Yale University School of Medicine and the Connecticut Mental Health Center, New Haven, Connecticut. Electronic address: albert.powers@yale.edu.","2025","Powers, Albert; Angelos, Phillip A; Bond, Alexandria; Farina, Emily; Fredericks, Carolyn; Gandhi, Jay; Greenwald, Maximillian; Hernandez-Busot, Gabriela; Hosein, Gabriel; Kelley, Megan; Mourgues, Catalina; Palmer, William; Rodriguez-Sanchez, Julia; Seabury, Rashina; Toribio, Silmilly; Vin, Raina; Weleff, Jeremy; Woods, Scott; Benrimoh, David","United States","1873-2402","2","<a href='https://pubmed.ncbi.nlm.nih.gov/39260466'>Biological psychiatry</a>","Biol Psychiatry","97","eng","117-127","11634669","39260466","2025 Jan 15","A Computational Account of the Development and Evolution of Psychotic Symptoms.","<a href='https://pubmed.ncbi.nlm.nih.gov/?Db=pubmed&DbFrom=pubmed&Cmd=Link&LinkName=pubmed_pubmed&IdsFromResult=39260466&ordinalpos=1&itool=EntrezSystem2.PEntrez.Pubmed.Pubmed_ResultsPanel.Pubmed_DiscoveryPanel.Pubmed_Discovery_RA&log$=relatedarticles&logdbfrom=pubmed'>Related, PubMed</a>","<a href='https://scholar.google.com/scholar?q=related:https://pmc.ncbi.nlm.nih.gov/articles/PMC11634669/'>Related, Google Scholar</a>","<a href='https://pubmed.ncbi.nlm.nih.gov/?linkname=pubmed_pubmed_citedin&from_uid=39260466'>Cited By, PMID</a>","<a href='https://scholar.google.com/scholar?hl=en&lr=&cites=https://pmc.ncbi.nlm.nih.gov/articles/PMC11634669/'>Cited By, Google</a>"," ",
"R01MH125838","Carver College of Medicine, University of Iowa, Iowa City, IA, USA.","2025","Deng, Lubin R; Harmata, Gail I S; Barsotti, Ercole John; Williams, Aislinn J; Christensen, Gary E; Voss, Michelle W; Saleem, Arshaq; Rivera-Dompenciel, Adriana M; Richards, Jenny Gringer; Sathyaputri, Leela; Mani, Merry; Abdolmotalleby, Hesam; Fiedorowicz, Jess G; Xu, Jia; Shaffer, Joseph J; Wemmie, John A; Magnotta, Vincent A","Netherlands","1573-2517"," ","<a href='https://pubmed.ncbi.nlm.nih.gov/39278469'>Journal of affective disorders</a>","J Affect Disord","368","eng","448-460","11560692","39278469","2025 Jan 01","Machine learning with multiple modalities of brain magnetic resonance imaging data to identify the presence of bipolar disorder.","<a href='https://pubmed.ncbi.nlm.nih.gov/?Db=pubmed&DbFrom=pubmed&Cmd=Link&LinkName=pubmed_pubmed&IdsFromResult=39278469&ordinalpos=1&itool=EntrezSystem2.PEntrez.Pubmed.Pubmed_ResultsPanel.Pubmed_DiscoveryPanel.Pubmed_Discovery_RA&log$=relatedarticles&logdbfrom=pubmed'>Related, PubMed</a>","<a href='https://scholar.google.com/scholar?q=related:https://pmc.ncbi.nlm.nih.gov/articles/PMC11560692/'>Related, Google Scholar</a>","<a href='https://pubmed.ncbi.nlm.nih.gov/?linkname=pubmed_pubmed_citedin&from_uid=39278469'>Cited By, PMID</a>","<a href='https://scholar.google.com/scholar?hl=en&lr=&cites=https://pmc.ncbi.nlm.nih.gov/articles/PMC11560692/'>Cited By, Google</a>"," ",
"UG3MH133258","Department of Global and Community Health, College of Public Health, George Mason University, Fairfax, VA, USA. RTurpin@gmu.edu.","2025","Turpin, Rodman; Camp, Aaron D; Mandell, C J; Mandeville, Julia; Davidson Mhonde, Rochelle R; Smith, Jamil; Liu, Hongjie; Dyer, Typhanye; Mayer, Kenneth H; Boekeloo, Bradley","United States","1573-3254","1","<a href='https://pubmed.ncbi.nlm.nih.gov/39287732'>AIDS and behavior</a>","AIDS Behav","29","eng","187-197"," ","39287732","2025 Jan","PrEP Stigma as a Minority Stressor among Black Sexual Minority Men: A Mixed-Methods Study.","<a href='https://pubmed.ncbi.nlm.nih.gov/?Db=pubmed&DbFrom=pubmed&Cmd=Link&LinkName=pubmed_pubmed&IdsFromResult=39287732&ordinalpos=1&itool=EntrezSystem2.PEntrez.Pubmed.Pubmed_ResultsPanel.Pubmed_DiscoveryPanel.Pubmed_Discovery_RA&log$=relatedarticles&logdbfrom=pubmed'>Related, PubMed</a>","<a href='https://scholar.google.com/scholar?hl=en&q=PrEP Stigma as a Minority Stressor among Black Sexual Minority Men: A Mixed-Methods Study.'>Related, Google Scholar</a>","<a href='https://pubmed.ncbi.nlm.nih.gov/?linkname=pubmed_pubmed_citedin&from_uid=39287732'>Cited By, PMID</a>"," "," ",
"R01MH115128","The Pennsylvania State University, State College, PA, USA. Electronic address: vss5199@psu.edu.","2025","Swisher, Valerie S; Newman, Michelle G","Netherlands","1573-2517"," ","<a href='https://pubmed.ncbi.nlm.nih.gov/39299593'>Journal of affective disorders</a>","J Affect Disord","368","eng","734-740","11560663","39299593","2025 Jan 01","<a href='https://www.ncbi.nlm.nih.gov/pmc/articles/11560663'>Contrast avoidance as a diagnostic feature of OCD: A receiver-operator characteristic curve analysis of the contrast avoidance questionnaires.</a>","<a href='https://pubmed.ncbi.nlm.nih.gov/?Db=pubmed&DbFrom=pubmed&Cmd=Link&LinkName=pubmed_pubmed&IdsFromResult=39299593&ordinalpos=1&itool=EntrezSystem2.PEntrez.Pubmed.Pubmed_ResultsPanel.Pubmed_DiscoveryPanel.Pubmed_Discovery_RA&log$=relatedarticles&logdbfrom=pubmed'>Related, PubMed</a>","<a href='https://scholar.google.com/scholar?q=related:https://pmc.ncbi.nlm.nih.gov/articles/PMC11560663/'>Related, Google Scholar</a>","<a href='https://pubmed.ncbi.nlm.nih.gov/?linkname=pubmed_pubmed_citedin&from_uid=39299593'>Cited By, PMID</a>","<a href='https://scholar.google.com/scholar?hl=en&lr=&cites=https://pmc.ncbi.nlm.nih.gov/articles/PMC11560663/'>Cited By, Google</a>"," ",
"R00MH123369","Division of Hematology/Oncology, Department of Medicine, University of California San Francisco (UCSF), San Francisco, California, USA.","2025","Buckle, Geoffrey C; DeBoer, Rebecca; Xu, Mary Jue; Mrema, Alita; Rubagumya, Fidel; Velloza, Jennifer; Falade, Ayo S; Van Loon, Katherine","United States","1097-0142","1","<a href='https://pubmed.ncbi.nlm.nih.gov/39306723'>Cancer</a>","Cancer","131","eng","e35573","11694159","39306723","2025 Jan 01","<a href='https://www.ncbi.nlm.nih.gov/pmc/articles/11694159'>Using context-specific evidence to inform resource-stratified cancer guidelines: A call for a new approach.</a>","<a href='https://pubmed.ncbi.nlm.nih.gov/?Db=pubmed&DbFrom=pubmed&Cmd=Link&LinkName=pubmed_pubmed&IdsFromResult=39306723&ordinalpos=1&itool=EntrezSystem2.PEntrez.Pubmed.Pubmed_ResultsPanel.Pubmed_DiscoveryPanel.Pubmed_Discovery_RA&log$=relatedarticles&logdbfrom=pubmed'>Related, PubMed</a>","<a href='https://scholar.google.com/scholar?q=related:https://pmc.ncbi.nlm.nih.gov/articles/PMC11694159/'>Related, Google Scholar</a>","<a href='https://pubmed.ncbi.nlm.nih.gov/?linkname=pubmed_pubmed_citedin&from_uid=39306723'>Cited By, PMID</a>","<a href='https://scholar.google.com/scholar?hl=en&lr=&cites=https://pmc.ncbi.nlm.nih.gov/articles/PMC11694159/'>Cited By, Google</a>"," ",
"K23MH129628","Department of Psychiatry, Columbia University Irving Medical Center, and New York State Psychiatric Institute, New York City (Bareis, Dixon, Olfson, Smith, Stroup); RTI International, Research Triangle Park, North Carolina (Edlund, Ringeisen, Guyer, Geiger); Department of Epidemiology, Mailman School of Public Health, Columbia University, New York City (Olfson, Kreski); Department of Psychiatry and Behavioral Sciences, School of Medicine, University of Washington, Seattle (Chwastiak, Monroe-DeVita), School of Medicine and the Wilson Center for Science and Justice, School of Law, Duke University, Durham, North Carolina (Swartz, Swanson); National Association of State Mental Health Program Directors, Washington, D.C. (Sinclair Hancq).","2025","Bareis, Natalie; Edlund, Mark; Ringeisen, Heather; Guyer, Heidi; Dixon, Lisa B; Olfson, Mark; Smith, Thomas E; Chwastiak, Lydia; Monroe-DeVita, Maria; Swartz, Marvin; Swanson, Jeffrey; Sinclair Hancq, Elizabeth; Geiger, Paul; Kreski, Noah T; Stroup, T Scott","United States","1557-9700","1","<a href='https://pubmed.ncbi.nlm.nih.gov/39308173'>Psychiatric services (Washington, D.C.)</a>","Psychiatr Serv","76","eng","2-12","11693490","39308173","2025 Jan 01","Characterizing Schizophrenia Spectrum Disorders: Results of the U.S. Mental and Substance Use Disorders Prevalence Study.","<a href='https://pubmed.ncbi.nlm.nih.gov/?Db=pubmed&DbFrom=pubmed&Cmd=Link&LinkName=pubmed_pubmed&IdsFromResult=39308173&ordinalpos=1&itool=EntrezSystem2.PEntrez.Pubmed.Pubmed_ResultsPanel.Pubmed_DiscoveryPanel.Pubmed_Discovery_RA&log$=relatedarticles&logdbfrom=pubmed'>Related, PubMed</a>","<a href='https://scholar.google.com/scholar?q=related:https://pmc.ncbi.nlm.nih.gov/articles/PMC11693490/'>Related, Google Scholar</a>","<a href='https://pubmed.ncbi.nlm.nih.gov/?linkname=pubmed_pubmed_citedin&from_uid=39308173'>Cited By, PMID</a>","<a href='https://scholar.google.com/scholar?hl=en&lr=&cites=https://pmc.ncbi.nlm.nih.gov/articles/PMC11693490/'>Cited By, Google</a>"," ",
"R01MH119119","Department of Psychiatry and Human Behavior, Alpert Medical School of Brown University, Providence, RI, USA. jessica_peters@brown.edu.","2025","Peters, Jessica R; Schmalenberger, Katja M; Eng, Ashley G; Stumper, Allison; Martel, Michelle M; Eisenlohr-Moul, Tory A","England","1476-5578","1","<a href='https://pubmed.ncbi.nlm.nih.gov/39143323'>Molecular psychiatry</a>","Mol Psychiatry","30","eng","251-262"," ","39143323","2025 Jan","Dimensional Affective Sensitivity to Hormones across the Menstrual Cycle (DASH-MC): A transdiagnostic framework for ovarian steroid influences on psychopathology.","<a href='https://pubmed.ncbi.nlm.nih.gov/?Db=pubmed&DbFrom=pubmed&Cmd=Link&LinkName=pubmed_pubmed&IdsFromResult=39143323&ordinalpos=1&itool=EntrezSystem2.PEntrez.Pubmed.Pubmed_ResultsPanel.Pubmed_DiscoveryPanel.Pubmed_Discovery_RA&log$=relatedarticles&logdbfrom=pubmed'>Related, PubMed</a>","<a href='https://scholar.google.com/scholar?hl=en&q=Dimensional Affective Sensitivity to Hormones across the Menstrual Cycle (DASH-MC): A transdiagnostic framework for ovarian steroid influences on psychopathology.'>Related, Google Scholar</a>","<a href='https://pubmed.ncbi.nlm.nih.gov/?linkname=pubmed_pubmed_citedin&from_uid=39143323'>Cited By, PMID</a>"," "," ",
"T32MH082761","Center for Biobehavioral Research, Sanford Research, Fargo, North Dakota, USA.","2025","Forester, Glen; Wonderlich, Joseph A; Bottera, Angeline R; Dougherty, Elizabeth N; Day, Maya; Pearson, Carolyn M; Peterson, Carol B; Anderson, Lisa M","England","1099-0968","1","<a href='https://pubmed.ncbi.nlm.nih.gov/38977861'>European eating disorders review : the journal of the Eating Disorders Association</a>","Eur Eat Disord Rev","33","eng","3-9","11620958","38977861","2025 Jan","Behaviourally assessed negative urgency is uniquely associated with binge-eating frequency.","<a href='https://pubmed.ncbi.nlm.nih.gov/?Db=pubmed&DbFrom=pubmed&Cmd=Link&LinkName=pubmed_pubmed&IdsFromResult=38977861&ordinalpos=1&itool=EntrezSystem2.PEntrez.Pubmed.Pubmed_ResultsPanel.Pubmed_DiscoveryPanel.Pubmed_Discovery_RA&log$=relatedarticles&logdbfrom=pubmed'>Related, PubMed</a>","<a href='https://scholar.google.com/scholar?q=related:https://pmc.ncbi.nlm.nih.gov/articles/PMC11620958/'>Related, Google Scholar</a>","<a href='https://pubmed.ncbi.nlm.nih.gov/?linkname=pubmed_pubmed_citedin&from_uid=38977861'>Cited By, PMID</a>","<a href='https://scholar.google.com/scholar?hl=en&lr=&cites=https://pmc.ncbi.nlm.nih.gov/articles/PMC11620958/'>Cited By, Google</a>"," ",
"K23MH123910","Center for Biobehavioral Research, Sanford Research, Fargo, North Dakota, USA.","2025","Forester, Glen; Wonderlich, Joseph A; Bottera, Angeline R; Dougherty, Elizabeth N; Day, Maya; Pearson, Carolyn M; Peterson, Carol B; Anderson, Lisa M","England","1099-0968","1","<a href='https://pubmed.ncbi.nlm.nih.gov/38977861'>European eating disorders review : the journal of the Eating Disorders Association</a>","Eur Eat Disord Rev","33","eng","3-9","11620958","38977861","2025 Jan","Behaviourally assessed negative urgency is uniquely associated with binge-eating frequency.","<a href='https://pubmed.ncbi.nlm.nih.gov/?Db=pubmed&DbFrom=pubmed&Cmd=Link&LinkName=pubmed_pubmed&IdsFromResult=38977861&ordinalpos=1&itool=EntrezSystem2.PEntrez.Pubmed.Pubmed_ResultsPanel.Pubmed_DiscoveryPanel.Pubmed_Discovery_RA&log$=relatedarticles&logdbfrom=pubmed'>Related, PubMed</a>","<a href='https://scholar.google.com/scholar?q=related:https://pmc.ncbi.nlm.nih.gov/articles/PMC11620958/'>Related, Google Scholar</a>","<a href='https://pubmed.ncbi.nlm.nih.gov/?linkname=pubmed_pubmed_citedin&from_uid=38977861'>Cited By, PMID</a>","<a href='https://scholar.google.com/scholar?hl=en&lr=&cites=https://pmc.ncbi.nlm.nih.gov/articles/PMC11620958/'>Cited By, Google</a>"," ",
"R37MH101495","Department of Psychology, Stanford University, Stanford, California. Electronic address: lrborchers@stanford.edu.","2025","Borchers, Lauren R; Yuan, Justin P; Leong, Josiah K; Jo, Booil; Chahal, Rajpreet; Ryu, Joshua; Nam, Andrew; Coury, Saché M; Gotlib, Ian H","United States","1873-2402","1","<a href='https://pubmed.ncbi.nlm.nih.gov/38272286'>Biological psychiatry</a>","Biol Psychiatry","97","eng","73-80","11266527","38272286","2025 Jan 01","Sex-Specific Vulnerability to Externalizing Problems: Sensitivity to Early Stress and Nucleus Accumbens Activation Over Adolescence.","<a href='https://pubmed.ncbi.nlm.nih.gov/?Db=pubmed&DbFrom=pubmed&Cmd=Link&LinkName=pubmed_pubmed&IdsFromResult=38272286&ordinalpos=1&itool=EntrezSystem2.PEntrez.Pubmed.Pubmed_ResultsPanel.Pubmed_DiscoveryPanel.Pubmed_Discovery_RA&log$=relatedarticles&logdbfrom=pubmed'>Related, PubMed</a>","<a href='https://scholar.google.com/scholar?q=related:https://pmc.ncbi.nlm.nih.gov/articles/PMC11266527/'>Related, Google Scholar</a>","<a href='https://pubmed.ncbi.nlm.nih.gov/?linkname=pubmed_pubmed_citedin&from_uid=38272286'>Cited By, PMID</a>","<a href='https://scholar.google.com/scholar?hl=en&lr=&cites=https://pmc.ncbi.nlm.nih.gov/articles/PMC11266527/'>Cited By, Google</a>"," ",
"R01MH122023","Behavioral Neuroscience Laboratory, Department of Psychology, Boğaziçi University, Bebek, 34342, Istanbul, Turkey.","2025","Tuna, Tuğçe; Banks, Tyler; Glickert, Gregory; Sevinc, Cem; Nair, Satish S; Unal, Gunes","Germany","1863-2661","1","<a href='https://pubmed.ncbi.nlm.nih.gov/39805973'>Brain structure & function</a>","Brain Struct Funct","230","eng","30","11729089","39805973","2025 Jan 13","<a href='https://www.ncbi.nlm.nih.gov/pmc/articles/11729089'>Basal forebrain innervation of the amygdala: an anatomical and computational exploration.</a>","<a href='https://pubmed.ncbi.nlm.nih.gov/?Db=pubmed&DbFrom=pubmed&Cmd=Link&LinkName=pubmed_pubmed&IdsFromResult=39805973&ordinalpos=1&itool=EntrezSystem2.PEntrez.Pubmed.Pubmed_ResultsPanel.Pubmed_DiscoveryPanel.Pubmed_Discovery_RA&log$=relatedarticles&logdbfrom=pubmed'>Related, PubMed</a>","<a href='https://scholar.google.com/scholar?q=related:https://pmc.ncbi.nlm.nih.gov/articles/PMC11729089/'>Related, Google Scholar</a>","<a href='https://pubmed.ncbi.nlm.nih.gov/?linkname=pubmed_pubmed_citedin&from_uid=39805973'>Cited By, PMID</a>","<a href='https://scholar.google.com/scholar?hl=en&lr=&cites=https://pmc.ncbi.nlm.nih.gov/articles/PMC11729089/'>Cited By, Google</a>"," ",
"R01MH124873","Department of Psychiatry and Psychotherapy, Charité - Universitätsmedizin Berlin, Germany.","2025","Panagiotaropoulou, Georgia; Hellberg, Kajsa-Lotta Georgii; Coleman, Jonathan R I; Seok, Darsol; Kalman, Janos; Bipolar Disorder Working Group of the Psychiatric Genomics Consortium; Major Depressive Disorder Working Group of the Psychiatric Genomics Consortium; iPSYCH Study Consortium; Mitchell, Philip B; Schofield, Peter R; Forstner, Andreas J; Bauer, Michael; Scott, Laura J; Pato, Carlos N; Pato, Michele T; Li, Qingqin S; Kirov, George; Landén, Mikael; Jonsson, Lina; Müller-Myhsok, Bertram; Smoller, Jordan W; Binder, Elisabeth B; Brückl, Tanja M; Czamara, Darina; Van der Auwera, Sandra; Grabe, Hans J; Homuth, Georg; Schmidt, Carsten O; Potash, James B; DePaulo, J Raymond; Goes, Fernando S; MacKinnon, Dean F; Mondimore, Francis M; Weissman, Myrna M; Shi, Jianxin; Frye, Mark A; Biernacka, Joanna M; Reif, Andreas; Witt, Stephanie H; Kahn, René R; Boks, Marco M; Owen, Michael J; Gordon-Smith, Katherine; Mitchell, Brittany L; Martin, Nicholas G; Medland, Sarah E; Jones, Lisa; Knowles, James A; Levinson, Douglas F; O'Donovan, Michael C; Lewis, Cathryn M; Breen, Gerome; Werge, Thomas; Schork, Andrew J; Ophoff, Roel A; Ripke, Stephan; Olde Loohuis, Loes","England","1472-1465"," ","<a href='https://pubmed.ncbi.nlm.nih.gov/39806801'>The British journal of psychiatry : the journal of mental science</a>","Br J Psychiatry"," ","eng","1-12"," ","39806801","2025 Jan 14","Identifying genetic differences between bipolar disorder and major depression through multiple genome-wide association analyses.","<a href='https://pubmed.ncbi.nlm.nih.gov/?Db=pubmed&DbFrom=pubmed&Cmd=Link&LinkName=pubmed_pubmed&IdsFromResult=39806801&ordinalpos=1&itool=EntrezSystem2.PEntrez.Pubmed.Pubmed_ResultsPanel.Pubmed_DiscoveryPanel.Pubmed_Discovery_RA&log$=relatedarticles&logdbfrom=pubmed'>Related, PubMed</a>","<a href='https://scholar.google.com/scholar?hl=en&q=Identifying genetic differences between bipolar disorder and major depression through multiple genome-wide association analyses.'>Related, Google Scholar</a>","<a href='https://pubmed.ncbi.nlm.nih.gov/?linkname=pubmed_pubmed_citedin&from_uid=39806801'>Cited By, PMID</a>"," "," ",
"K99MH132811","Solomon H. Snyder Department of Neuroscience, Johns Hopkins University School of Medicine, Baltimore, MD, USA.","2025","Hale, W Dylan; Romero, Alejandra Montaño; Koylass, Nicholas; Warrick, Collin R; Qiu, Zhaozhu; Huganir, Richard L; Twomey, Edward C","England","2041-1723","1","<a href='https://pubmed.ncbi.nlm.nih.gov/39809794'>Nature communications</a>","Nat Commun","16","eng","671","11733119","39809794","2025 Jan 15","<a href='https://www.ncbi.nlm.nih.gov/pmc/articles/11733119'>Structure of transmembrane AMPA receptor regulatory protein subunit γ2.</a>","<a href='https://pubmed.ncbi.nlm.nih.gov/?Db=pubmed&DbFrom=pubmed&Cmd=Link&LinkName=pubmed_pubmed&IdsFromResult=39809794&ordinalpos=1&itool=EntrezSystem2.PEntrez.Pubmed.Pubmed_ResultsPanel.Pubmed_DiscoveryPanel.Pubmed_Discovery_RA&log$=relatedarticles&logdbfrom=pubmed'>Related, PubMed</a>","<a href='https://scholar.google.com/scholar?q=related:https://pmc.ncbi.nlm.nih.gov/articles/PMC11733119/'>Related, Google Scholar</a>","<a href='https://pubmed.ncbi.nlm.nih.gov/?linkname=pubmed_pubmed_citedin&from_uid=39809794'>Cited By, PMID</a>","<a href='https://scholar.google.com/scholar?hl=en&lr=&cites=https://pmc.ncbi.nlm.nih.gov/articles/PMC11733119/'>Cited By, Google</a>"," ",
"T32MH082761","Department of Psychology, Old Dominion University, Norfolk, Virginia, USA.","2025","Heron, Kristin E; Romano, Kelly A; Panza, Emily; Perry, Nicholas S; Dawson, Charlotte A; Braitman, Abby L","United States","1532-530X","1","<a href='https://pubmed.ncbi.nlm.nih.gov/39812517'>Eating disorders</a>","Eat Disord","33","eng","25-43","11737879","39812517","2025","Sexual minority stressors and disordered eating behaviors in daily life: a daily diary study of sexual minority cisgender female couples.","<a href='https://pubmed.ncbi.nlm.nih.gov/?Db=pubmed&DbFrom=pubmed&Cmd=Link&LinkName=pubmed_pubmed&IdsFromResult=39812517&ordinalpos=1&itool=EntrezSystem2.PEntrez.Pubmed.Pubmed_ResultsPanel.Pubmed_DiscoveryPanel.Pubmed_Discovery_RA&log$=relatedarticles&logdbfrom=pubmed'>Related, PubMed</a>","<a href='https://scholar.google.com/scholar?q=related:https://pmc.ncbi.nlm.nih.gov/articles/PMC11737879/'>Related, Google Scholar</a>","<a href='https://pubmed.ncbi.nlm.nih.gov/?linkname=pubmed_pubmed_citedin&from_uid=39812517'>Cited By, PMID</a>","<a href='https://scholar.google.com/scholar?hl=en&lr=&cites=https://pmc.ncbi.nlm.nih.gov/articles/PMC11737879/'>Cited By, Google</a>"," ",
"R01MH129426","Department of Radiology, Washington University in St. Louis, St. Louis, MO, 63110, USA. r.cao@wustl.edu.","2025","Cao, Runnan; Brunner, Peter; Brandmeir, Nicholas J; Willie, Jon T; Wang, Shuo","England","2052-4463","1","<a href='https://pubmed.ncbi.nlm.nih.gov/39814742'>Scientific data</a>","Sci Data","12","eng","79","11735812","39814742","2025 Jan 15","<a href='https://www.ncbi.nlm.nih.gov/pmc/articles/11735812'>A human single-neuron dataset for object recognition.</a>","<a href='https://pubmed.ncbi.nlm.nih.gov/?Db=pubmed&DbFrom=pubmed&Cmd=Link&LinkName=pubmed_pubmed&IdsFromResult=39814742&ordinalpos=1&itool=EntrezSystem2.PEntrez.Pubmed.Pubmed_ResultsPanel.Pubmed_DiscoveryPanel.Pubmed_Discovery_RA&log$=relatedarticles&logdbfrom=pubmed'>Related, PubMed</a>","<a href='https://scholar.google.com/scholar?q=related:https://pmc.ncbi.nlm.nih.gov/articles/PMC11735812/'>Related, Google Scholar</a>","<a href='https://pubmed.ncbi.nlm.nih.gov/?linkname=pubmed_pubmed_citedin&from_uid=39814742'>Cited By, PMID</a>","<a href='https://scholar.google.com/scholar?hl=en&lr=&cites=https://pmc.ncbi.nlm.nih.gov/articles/PMC11735812/'>Cited By, Google</a>"," ",
"R01MH120194","Department of Radiology, Washington University in St. Louis, St. Louis, MO, 63110, USA. r.cao@wustl.edu.","2025","Cao, Runnan; Brunner, Peter; Brandmeir, Nicholas J; Willie, Jon T; Wang, Shuo","England","2052-4463","1","<a href='https://pubmed.ncbi.nlm.nih.gov/39814742'>Scientific data</a>","Sci Data","12","eng","79","11735812","39814742","2025 Jan 15","<a href='https://www.ncbi.nlm.nih.gov/pmc/articles/11735812'>A human single-neuron dataset for object recognition.</a>","<a href='https://pubmed.ncbi.nlm.nih.gov/?Db=pubmed&DbFrom=pubmed&Cmd=Link&LinkName=pubmed_pubmed&IdsFromResult=39814742&ordinalpos=1&itool=EntrezSystem2.PEntrez.Pubmed.Pubmed_ResultsPanel.Pubmed_DiscoveryPanel.Pubmed_Discovery_RA&log$=relatedarticles&logdbfrom=pubmed'>Related, PubMed</a>","<a href='https://scholar.google.com/scholar?q=related:https://pmc.ncbi.nlm.nih.gov/articles/PMC11735812/'>Related, Google Scholar</a>","<a href='https://pubmed.ncbi.nlm.nih.gov/?linkname=pubmed_pubmed_citedin&from_uid=39814742'>Cited By, PMID</a>","<a href='https://scholar.google.com/scholar?hl=en&lr=&cites=https://pmc.ncbi.nlm.nih.gov/articles/PMC11735812/'>Cited By, Google</a>"," ",
"R01MH119189","School of Psychology, Georgia Institute of Technology, Atlanta, GA, USA. rahnev@psych.gatech.edu.","2025","Rahnev, Dobromir","England","2041-1723","1","<a href='https://pubmed.ncbi.nlm.nih.gov/39814749'>Nature communications</a>","Nat Commun","16","eng","701","11735976","39814749","2025 Jan 15","<a href='https://www.ncbi.nlm.nih.gov/pmc/articles/11735976'>A comprehensive assessment of current methods for measuring metacognition.</a>","<a href='https://pubmed.ncbi.nlm.nih.gov/?Db=pubmed&DbFrom=pubmed&Cmd=Link&LinkName=pubmed_pubmed&IdsFromResult=39814749&ordinalpos=1&itool=EntrezSystem2.PEntrez.Pubmed.Pubmed_ResultsPanel.Pubmed_DiscoveryPanel.Pubmed_Discovery_RA&log$=relatedarticles&logdbfrom=pubmed'>Related, PubMed</a>","<a href='https://scholar.google.com/scholar?q=related:https://pmc.ncbi.nlm.nih.gov/articles/PMC11735976/'>Related, Google Scholar</a>","<a href='https://pubmed.ncbi.nlm.nih.gov/?linkname=pubmed_pubmed_citedin&from_uid=39814749'>Cited By, PMID</a>","<a href='https://scholar.google.com/scholar?hl=en&lr=&cites=https://pmc.ncbi.nlm.nih.gov/articles/PMC11735976/'>Cited By, Google</a>"," ",
"R01MH125479","Department of Radiology, University of North Carolina at Chapel Hill, Chapel Hill, NC, USA.","2025","Li, Guoshi; Hsu, Li-Ming; Wu, Ye; Bozoki, Andrea C; Shih, Yen-Yu Ian; Yap, Pew-Thian","England","2730-664X","1","<a href='https://pubmed.ncbi.nlm.nih.gov/39814858'>Communications medicine</a>","Commun Med (Lond)","5","eng","17","11735810","39814858","2025 Jan 15","<a href='https://www.ncbi.nlm.nih.gov/pmc/articles/11735810'>Revealing excitation-inhibition imbalance in Alzheimer's disease using multiscale neural model inversion of resting-state functional MRI.</a>","<a href='https://pubmed.ncbi.nlm.nih.gov/?Db=pubmed&DbFrom=pubmed&Cmd=Link&LinkName=pubmed_pubmed&IdsFromResult=39814858&ordinalpos=1&itool=EntrezSystem2.PEntrez.Pubmed.Pubmed_ResultsPanel.Pubmed_DiscoveryPanel.Pubmed_Discovery_RA&log$=relatedarticles&logdbfrom=pubmed'>Related, PubMed</a>","<a href='https://scholar.google.com/scholar?q=related:https://pmc.ncbi.nlm.nih.gov/articles/PMC11735810/'>Related, Google Scholar</a>","<a href='https://pubmed.ncbi.nlm.nih.gov/?linkname=pubmed_pubmed_citedin&from_uid=39814858'>Cited By, PMID</a>","<a href='https://scholar.google.com/scholar?hl=en&lr=&cites=https://pmc.ncbi.nlm.nih.gov/articles/PMC11735810/'>Cited By, Google</a>"," ",
"R21MH132240","Department of Statistics, University of Illinois, Urbana-Champaign, Champaign, IL 61820.","2025","Singh, Matthew F; Braver, Todd S; Cole, Michael; Ching, ShiNung","United States","1091-6490","3","<a href='https://pubmed.ncbi.nlm.nih.gov/39823302'>Proceedings of the National Academy of Sciences of the United States of America</a>","Proc Natl Acad Sci U S A","122","eng","e2409577121"," ","39823302","2025 Jan 21","Precision data-driven modeling of cortical dynamics reveals person-specific mechanisms underpinning brain electrophysiology.","<a href='https://pubmed.ncbi.nlm.nih.gov/?Db=pubmed&DbFrom=pubmed&Cmd=Link&LinkName=pubmed_pubmed&IdsFromResult=39823302&ordinalpos=1&itool=EntrezSystem2.PEntrez.Pubmed.Pubmed_ResultsPanel.Pubmed_DiscoveryPanel.Pubmed_Discovery_RA&log$=relatedarticles&logdbfrom=pubmed'>Related, PubMed</a>","<a href='https://scholar.google.com/scholar?hl=en&q=Precision data-driven modeling of cortical dynamics reveals person-specific mechanisms underpinning brain electrophysiology.'>Related, Google Scholar</a>","<a href='https://pubmed.ncbi.nlm.nih.gov/?linkname=pubmed_pubmed_citedin&from_uid=39823302'>Cited By, PMID</a>"," "," ",
"P30MH058107","Shanghai Public Health Clinical Center, Fudan University, Shanghai, China.","2025","Sun, Wenxiu; Zhang, Lin; Chen, Wei-Ti; Arbing, Rachel; Shen, Lei; Zhang, Jing; Jiang, Rongrong","United States","1552-8456","1","<a href='https://pubmed.ncbi.nlm.nih.gov/39512203'>Western journal of nursing research</a>","West J Nurs Res","47","eng","15-23","11626839","39512203","2025 Jan","<a href='https://www.ncbi.nlm.nih.gov/pmc/articles/11626839'>Perceived Stress and Coping Strategies for Frontline Nurses Caring for COVID-19 Patients: A Path Analysis.</a>","<a href='https://pubmed.ncbi.nlm.nih.gov/?Db=pubmed&DbFrom=pubmed&Cmd=Link&LinkName=pubmed_pubmed&IdsFromResult=39512203&ordinalpos=1&itool=EntrezSystem2.PEntrez.Pubmed.Pubmed_ResultsPanel.Pubmed_DiscoveryPanel.Pubmed_Discovery_RA&log$=relatedarticles&logdbfrom=pubmed'>Related, PubMed</a>","<a href='https://scholar.google.com/scholar?q=related:https://pmc.ncbi.nlm.nih.gov/articles/PMC11626839/'>Related, Google Scholar</a>","<a href='https://pubmed.ncbi.nlm.nih.gov/?linkname=pubmed_pubmed_citedin&from_uid=39512203'>Cited By, PMID</a>","<a href='https://scholar.google.com/scholar?hl=en&lr=&cites=https://pmc.ncbi.nlm.nih.gov/articles/PMC11626839/'>Cited By, Google</a>"," ",
"K01MH136403","Laureate Institute for Brain Research, Tulsa OK, USA; Oxley College of Health and Natural Sciences, The University of Tulsa, Tulsa OK, USA. Electronic address: jsavitz@laureateinstitute.org.","2025","Savitz, Jonathan; McKinney, Brett A; Meier, Timothy B; Zheng, Haixia; Ford, Bart N; Yolken, Robert H; Teague, T Kent; Cole, Steve W","Netherlands","1090-2139"," ","<a href='https://pubmed.ncbi.nlm.nih.gov/39532200'>Brain, behavior, and immunity</a>","Brain Behav Immun","123","eng","1052-1060","11624063","39532200","2025 Jan","Nuclear factor kappa-B cell (NF-κB), interferon regulatory Factor, and glucocorticoid receptor pathway activation in major depressive Disorder: The role of cytomegalovirus infection.","<a href='https://pubmed.ncbi.nlm.nih.gov/?Db=pubmed&DbFrom=pubmed&Cmd=Link&LinkName=pubmed_pubmed&IdsFromResult=39532200&ordinalpos=1&itool=EntrezSystem2.PEntrez.Pubmed.Pubmed_ResultsPanel.Pubmed_DiscoveryPanel.Pubmed_Discovery_RA&log$=relatedarticles&logdbfrom=pubmed'>Related, PubMed</a>","<a href='https://scholar.google.com/scholar?q=related:https://pmc.ncbi.nlm.nih.gov/articles/PMC11624063/'>Related, Google Scholar</a>","<a href='https://pubmed.ncbi.nlm.nih.gov/?linkname=pubmed_pubmed_citedin&from_uid=39532200'>Cited By, PMID</a>","<a href='https://scholar.google.com/scholar?hl=en&lr=&cites=https://pmc.ncbi.nlm.nih.gov/articles/PMC11624063/'>Cited By, Google</a>"," ",
"T32MH014592","Department of Psychiatry and Behavioral Science, Johns Hopkins University School of Medicine, Baltimore, MD, USA.","2025","Li, Kevin; Rodriguez, Katrina M; Zandi, Peter; Goes, Fernando S","Netherlands","1573-2517"," ","<a href='https://pubmed.ncbi.nlm.nih.gov/39542116'>Journal of affective disorders</a>","J Affect Disord","371","eng","6-12"," ","39542116","2025 Feb 15","Who transitions to bipolar disorder? A comparison of major depressive disorder, anxiety, and ADHD.","<a href='https://pubmed.ncbi.nlm.nih.gov/?Db=pubmed&DbFrom=pubmed&Cmd=Link&LinkName=pubmed_pubmed&IdsFromResult=39542116&ordinalpos=1&itool=EntrezSystem2.PEntrez.Pubmed.Pubmed_ResultsPanel.Pubmed_DiscoveryPanel.Pubmed_Discovery_RA&log$=relatedarticles&logdbfrom=pubmed'>Related, PubMed</a>","<a href='https://scholar.google.com/scholar?hl=en&q=Who transitions to bipolar disorder? A comparison of major depressive disorder, anxiety, and ADHD.'>Related, Google Scholar</a>","<a href='https://pubmed.ncbi.nlm.nih.gov/?linkname=pubmed_pubmed_citedin&from_uid=39542116'>Cited By, PMID</a>"," "," ",
"R01MH050479","R.S. Dow Neurobiology, Legacy Research Institute, Portland, OR 97232, United States.","2025","Wallsten, Brittani; Gligor, Abigail H; Gonzalez, Angela E; Ramos, Jonathan D; Baratta, Michael V; Sorg, Barbara A","Netherlands","1872-6240"," ","<a href='https://pubmed.ncbi.nlm.nih.gov/39592089'>Brain research</a>","Brain Res","1848","eng","149351"," ","39592089","2025 Feb 01","Response of parvalbumin interneurons and perineuronal nets in rat medial prefrontal cortex and lateral amygdala to stressor controllability.","<a href='https://pubmed.ncbi.nlm.nih.gov/?Db=pubmed&DbFrom=pubmed&Cmd=Link&LinkName=pubmed_pubmed&IdsFromResult=39592089&ordinalpos=1&itool=EntrezSystem2.PEntrez.Pubmed.Pubmed_ResultsPanel.Pubmed_DiscoveryPanel.Pubmed_Discovery_RA&log$=relatedarticles&logdbfrom=pubmed'>Related, PubMed</a>","<a href='https://scholar.google.com/scholar?hl=en&q=Response of parvalbumin interneurons and perineuronal nets in rat medial prefrontal cortex and lateral amygdala to stressor controllability.'>Related, Google Scholar</a>","<a href='https://pubmed.ncbi.nlm.nih.gov/?linkname=pubmed_pubmed_citedin&from_uid=39592089'>Cited By, PMID</a>"," "," ",
"R01MH073676","Warren Center for Neuroscience Drug Discovery, Vanderbilt University, Nashville, Tennessee 37232, United States.","2025","Poslunsey, Michael S; Wood, Michael R; Han, Changho; Stauffer, Shaun R; Panarese, Joseph D; Melancon, Bruce J; Engers, Julie L; Dickerson, Jonathan W; Peng, Weimin; Noetzel, Meredith J; Cho, Hyekyung P; Rodriguez, Alice L; Hopkins, Corey R; Morrison, Ryan; Crouch, Rachel D; Bridges, Thomas M; Blobaum, Anna L; Boutaud, Olivier; Daniels, J Scott; Kates, Michael J; Castelhano, Arlindo; Rook, Jerri M; Niswender, Colleen M; Jones, Carrie K; Conn, P Jeffrey; Lindsley, Craig W","United States","1948-7193","1","<a href='https://pubmed.ncbi.nlm.nih.gov/39660766'>ACS chemical neuroscience</a>","ACS Chem Neurosci","16","eng","95-107","11697341","39660766","2025 Jan 01","<a href='https://www.ncbi.nlm.nih.gov/pmc/articles/11697341'>Discovery of VU0467319: an M1 Positive Allosteric Modulator Candidate That Advanced into Clinical Trials.</a>","<a href='https://pubmed.ncbi.nlm.nih.gov/?Db=pubmed&DbFrom=pubmed&Cmd=Link&LinkName=pubmed_pubmed&IdsFromResult=39660766&ordinalpos=1&itool=EntrezSystem2.PEntrez.Pubmed.Pubmed_ResultsPanel.Pubmed_DiscoveryPanel.Pubmed_Discovery_RA&log$=relatedarticles&logdbfrom=pubmed'>Related, PubMed</a>","<a href='https://scholar.google.com/scholar?q=related:https://pmc.ncbi.nlm.nih.gov/articles/PMC11697341/'>Related, Google Scholar</a>","<a href='https://pubmed.ncbi.nlm.nih.gov/?linkname=pubmed_pubmed_citedin&from_uid=39660766'>Cited By, PMID</a>","<a href='https://scholar.google.com/scholar?hl=en&lr=&cites=https://pmc.ncbi.nlm.nih.gov/articles/PMC11697341/'>Cited By, Google</a>"," ",
"R01MH137057","Lieber Institute for Brain Development, Johns Hopkins University Medical Campus, Baltimore, Maryland, USA.","2025","Carr, Gregory V","England","1471-4159","1","<a href='https://pubmed.ncbi.nlm.nih.gov/39680493'>Journal of neurochemistry</a>","J Neurochem","169","eng","e16289"," ","39680493","2025 Jan","Electrophysiological recording during touchscreen-based behavioral assays in rodents: A platform for improving early-stage neuroscience drug discovery.","<a href='https://pubmed.ncbi.nlm.nih.gov/?Db=pubmed&DbFrom=pubmed&Cmd=Link&LinkName=pubmed_pubmed&IdsFromResult=39680493&ordinalpos=1&itool=EntrezSystem2.PEntrez.Pubmed.Pubmed_ResultsPanel.Pubmed_DiscoveryPanel.Pubmed_Discovery_RA&log$=relatedarticles&logdbfrom=pubmed'>Related, PubMed</a>","<a href='https://scholar.google.com/scholar?hl=en&q=Electrophysiological recording during touchscreen-based behavioral assays in rodents: A platform for improving early-stage neuroscience drug discovery.'>Related, Google Scholar</a>","<a href='https://pubmed.ncbi.nlm.nih.gov/?linkname=pubmed_pubmed_citedin&from_uid=39680493'>Cited By, PMID</a>"," "," ",
"R01MH120088","Department of Psychology, University at Buffalo, State University of New York, Buffalo, New York, USA.","2025","Reischer, Hollen N; Cowan, Henry R; Johnson, Kristen M; Mittal, Vijay A","Australia","1751-7893","1","<a href='https://pubmed.ncbi.nlm.nih.gov/39704091'>Early intervention in psychiatry</a>","Early Interv Psychiatry","19","eng","e13638","11729691","39704091","2025 Jan","<a href='https://www.ncbi.nlm.nih.gov/pmc/articles/11729691'>Self-Transcendence as a Risk and Resilience Factor in Individuals at Clinical High Risk for Psychosis.</a>","<a href='https://pubmed.ncbi.nlm.nih.gov/?Db=pubmed&DbFrom=pubmed&Cmd=Link&LinkName=pubmed_pubmed&IdsFromResult=39704091&ordinalpos=1&itool=EntrezSystem2.PEntrez.Pubmed.Pubmed_ResultsPanel.Pubmed_DiscoveryPanel.Pubmed_Discovery_RA&log$=relatedarticles&logdbfrom=pubmed'>Related, PubMed</a>","<a href='https://scholar.google.com/scholar?q=related:https://pmc.ncbi.nlm.nih.gov/articles/PMC11729691/'>Related, Google Scholar</a>","<a href='https://pubmed.ncbi.nlm.nih.gov/?linkname=pubmed_pubmed_citedin&from_uid=39704091'>Cited By, PMID</a>","<a href='https://scholar.google.com/scholar?hl=en&lr=&cites=https://pmc.ncbi.nlm.nih.gov/articles/PMC11729691/'>Cited By, Google</a>"," ",
"R25MH087222","From Department of Obstetrics and Gynecology, SUNY Downstate Health Sciences University, Brooklyn, New York.","2025","Sundar, Kavya G; Yang, Lanbo Z; Cambou, Mary C; Varella, Ivana R S; Melo, Marineide G; Segura, Eddy R; Ziegler, Ângela P; Santos, Breno R; Nielsen-Saines, Karin","United States","1532-0987","1","<a href='https://pubmed.ncbi.nlm.nih.gov/39705405'>The Pediatric infectious disease journal</a>","Pediatr Infect Dis J","44","eng","40-43"," ","39705405","2025 Jan 01","Prompt Initiation of Maternal Antiretroviral Therapy After HIV Seroconversion in Pregnancy Effectively Prevents Vertical Transmission and Other Adverse Infant Outcomes.","<a href='https://pubmed.ncbi.nlm.nih.gov/?Db=pubmed&DbFrom=pubmed&Cmd=Link&LinkName=pubmed_pubmed&IdsFromResult=39705405&ordinalpos=1&itool=EntrezSystem2.PEntrez.Pubmed.Pubmed_ResultsPanel.Pubmed_DiscoveryPanel.Pubmed_Discovery_RA&log$=relatedarticles&logdbfrom=pubmed'>Related, PubMed</a>","<a href='https://scholar.google.com/scholar?hl=en&q=Prompt Initiation of Maternal Antiretroviral Therapy After HIV Seroconversion in Pregnancy Effectively Prevents Vertical Transmission and Other Adverse Infant Outcomes.'>Related, Google Scholar</a>","<a href='https://pubmed.ncbi.nlm.nih.gov/?linkname=pubmed_pubmed_citedin&from_uid=39705405'>Cited By, PMID</a>"," "," ",
"R01MH117132","Department of Psychology, University of Maryland, College Park, Maryland, USA.","2025","Xie, Weizhen; Thakurdesai, Sanikaa; Varastegan, Sahereh; Zhang, Weiwei","United States","1098-1063","1","<a href='https://pubmed.ncbi.nlm.nih.gov/39711102'>Hippocampus</a>","Hippocampus","35","eng","e23678","11664227","39711102","2025 Jan","<a href='https://www.ncbi.nlm.nih.gov/pmc/articles/11664227'>Transcranial Direct Current Stimulation Over Bilateral Temporal Lobes Modulates Hippocampal-Occipital Functional Connectivity and Visual Short-Term Memory Precision.</a>","<a href='https://pubmed.ncbi.nlm.nih.gov/?Db=pubmed&DbFrom=pubmed&Cmd=Link&LinkName=pubmed_pubmed&IdsFromResult=39711102&ordinalpos=1&itool=EntrezSystem2.PEntrez.Pubmed.Pubmed_ResultsPanel.Pubmed_DiscoveryPanel.Pubmed_Discovery_RA&log$=relatedarticles&logdbfrom=pubmed'>Related, PubMed</a>","<a href='https://scholar.google.com/scholar?q=related:https://pmc.ncbi.nlm.nih.gov/articles/PMC11664227/'>Related, Google Scholar</a>","<a href='https://pubmed.ncbi.nlm.nih.gov/?linkname=pubmed_pubmed_citedin&from_uid=39711102'>Cited By, PMID</a>","<a href='https://scholar.google.com/scholar?hl=en&lr=&cites=https://pmc.ncbi.nlm.nih.gov/articles/PMC11664227/'>Cited By, Google</a>"," ",
"R01MH130397","Binghamton University (SUNY), Binghamton, NY, USA.","2025","Shankar, Pooja; Gibb, Brandon E","United States","1469-8986","1","<a href='https://pubmed.ncbi.nlm.nih.gov/39716770'>Psychophysiology</a>","Psychophysiology","62","eng","e14751"," ","39716770","2025 Jan","Neural Reactivity to Emotional Stimuli in Children With and Without a History of Self-Injurious Thoughts and Behaviors.","<a href='https://pubmed.ncbi.nlm.nih.gov/?Db=pubmed&DbFrom=pubmed&Cmd=Link&LinkName=pubmed_pubmed&IdsFromResult=39716770&ordinalpos=1&itool=EntrezSystem2.PEntrez.Pubmed.Pubmed_ResultsPanel.Pubmed_DiscoveryPanel.Pubmed_Discovery_RA&log$=relatedarticles&logdbfrom=pubmed'>Related, PubMed</a>","<a href='https://scholar.google.com/scholar?hl=en&q=Neural Reactivity to Emotional Stimuli in Children With and Without a History of Self-Injurious Thoughts and Behaviors.'>Related, Google Scholar</a>","<a href='https://pubmed.ncbi.nlm.nih.gov/?linkname=pubmed_pubmed_citedin&from_uid=39716770'>Cited By, PMID</a>"," "," ",
"U01MH121766","Department of Psychiatry and Behavioral Sciences (Fonzo, Barksdale, Nemeroff) and Center for Psychedelic Research and Therapy (Fonzo, Nemeroff), University of Texas at Austin Dell Medical School, Austin; Institute for Early Life Adversity Research, University of Texas at Austin, Austin (Fonzo, Nemeroff); Department of Behavioral Health, Walter Reed National Military Medical Center, Bethesda, MD (Wolfgang); Department of Psychiatry, Uniformed Services University of the Health Sciences, Bethesda, MD (Wolfgang); Department of Psychiatry, Yale University School of Medicine, New Haven, CT (Wolfgang, Krystal); Butler Hospital, Department of Psychiatry and Human Behavior, Warren Alpert Medical School, Brown University, Providence, RI (Carpenter); Department of Psychiatry and Behavioral Neurobiology, Heersink School of Medicine, University of Alabama at Birmingham, Birmingham (Kraguljac); Department of Psychiatry and Biobehavioral Sciences, David Geffen School of Medicine, UCLA, Los Angeles (Grzenda); Department of Psychiatry and Behavioral Sciences, Emory University School of Medicine, Atlanta (McDonald); Department of Psychiatry and Behavioral Sciences, University of Minnesota, Minneapolis (Widge); Department of Psychiatry and Behavioral Sciences, Stanford University, Stanford, CA (Rodriguez); Veterans Affairs Palo Alto Health Care System, Palo Alto, CA (Rodriguez).","2025","Fonzo, Gregory A; Wolfgang, Aaron S; Barksdale, Bryan R; Krystal, John H; Carpenter, Linda L; Kraguljac, Nina V; Grzenda, Adrienne; McDonald, William M; Widge, Alik S; Rodriguez, Carolyn I; Nemeroff, Charles B","United States","1535-7228","1","<a href='https://pubmed.ncbi.nlm.nih.gov/39741437'>The American journal of psychiatry</a>","Am J Psychiatry","182","eng","54-78","11694823","39741437","2025 Jan 01","Psilocybin: From Psychiatric Pariah to Perceived Panacea.","<a href='https://pubmed.ncbi.nlm.nih.gov/?Db=pubmed&DbFrom=pubmed&Cmd=Link&LinkName=pubmed_pubmed&IdsFromResult=39741437&ordinalpos=1&itool=EntrezSystem2.PEntrez.Pubmed.Pubmed_ResultsPanel.Pubmed_DiscoveryPanel.Pubmed_Discovery_RA&log$=relatedarticles&logdbfrom=pubmed'>Related, PubMed</a>","<a href='https://scholar.google.com/scholar?q=related:https://pmc.ncbi.nlm.nih.gov/articles/PMC11694823/'>Related, Google Scholar</a>","<a href='https://pubmed.ncbi.nlm.nih.gov/?linkname=pubmed_pubmed_citedin&from_uid=39741437'>Cited By, PMID</a>","<a href='https://scholar.google.com/scholar?hl=en&lr=&cites=https://pmc.ncbi.nlm.nih.gov/articles/PMC11694823/'>Cited By, Google</a>"," ",
"R01MH118261","Department of Psychiatry and Behavioral Sciences, Baylor College of Medicine, Houston, TX, 77030, USA.","2025","Rast, Catherine E; Musci, Rashelle; Abramowitz, Jonathan S; Nestadt, Gerald; Kimmel, Mary C; Dibbs, Tracey; Osborne, Lauren M; Samuels, Jack; Krasnow, Janice; Storch, Eric A","Austria","1435-1102"," ","<a href='https://pubmed.ncbi.nlm.nih.gov/39745521'>Archives of women's mental health</a>","Arch Womens Ment Health"," ","eng"," "," ","39745521","2025 Jan 02","Psychometric evaluation of the Yale-Brown Obsessive-Compulsive Scale in pregnant women.","<a href='https://pubmed.ncbi.nlm.nih.gov/?Db=pubmed&DbFrom=pubmed&Cmd=Link&LinkName=pubmed_pubmed&IdsFromResult=39745521&ordinalpos=1&itool=EntrezSystem2.PEntrez.Pubmed.Pubmed_ResultsPanel.Pubmed_DiscoveryPanel.Pubmed_Discovery_RA&log$=relatedarticles&logdbfrom=pubmed'>Related, PubMed</a>","<a href='https://scholar.google.com/scholar?hl=en&q=Psychometric evaluation of the Yale-Brown Obsessive-Compulsive Scale in pregnant women.'>Related, Google Scholar</a>","<a href='https://pubmed.ncbi.nlm.nih.gov/?linkname=pubmed_pubmed_citedin&from_uid=39745521'>Cited By, PMID</a>"," "," ",
"T32MH020031","Department of Social and Behavioral Sciences, Yale School of Public Health, 60 College Street, New Haven, CT, 06510, USA. bryce.takenaka@yale.edu.","2025","Takenaka, Bryce Puesta; Barbour, Russell; Kirklewski, Sally J; Nicholson, Erin; Tengatenga, Cecil; Hansen, Nathan B; Kershaw, Trace","United States","1573-3254"," ","<a href='https://pubmed.ncbi.nlm.nih.gov/39745597'>AIDS and behavior</a>","AIDS Behav"," ","eng"," "," ","39745597","2025 Jan 02","Activity Space Mapping and Pre-Exposure Prophylaxis Uptake Among Gay, Bisexual, and Other Sexual Minority Men in Small Cities and Towns in the United States.","<a href='https://pubmed.ncbi.nlm.nih.gov/?Db=pubmed&DbFrom=pubmed&Cmd=Link&LinkName=pubmed_pubmed&IdsFromResult=39745597&ordinalpos=1&itool=EntrezSystem2.PEntrez.Pubmed.Pubmed_ResultsPanel.Pubmed_DiscoveryPanel.Pubmed_Discovery_RA&log$=relatedarticles&logdbfrom=pubmed'>Related, PubMed</a>","<a href='https://scholar.google.com/scholar?hl=en&q=Activity Space Mapping and Pre-Exposure Prophylaxis Uptake Among Gay, Bisexual, and Other Sexual Minority Men in Small Cities and Towns in the United States.'>Related, Google Scholar</a>","<a href='https://pubmed.ncbi.nlm.nih.gov/?linkname=pubmed_pubmed_citedin&from_uid=39745597'>Cited By, PMID</a>"," "," ",
"R01MH119179","Neurobiology Department, School of Biological Sciences, University of California, San Diego, CA, USA.","2025","Ahmadi, Siavash; Sasaki, Takuya; Sabariego, Marta; Leibold, Christian; Leutgeb, Stefan; Leutgeb, Jill K","England","2041-1723","1","<a href='https://pubmed.ncbi.nlm.nih.gov/39746924'>Nature communications</a>","Nat Commun","16","eng","13","11696047","39746924","2025 Jan 02","<a href='https://www.ncbi.nlm.nih.gov/pmc/articles/11696047'>Distinct roles of dentate gyrus and medial entorhinal cortex inputs for phase precession and temporal correlations in the hippocampal CA3 area.</a>","<a href='https://pubmed.ncbi.nlm.nih.gov/?Db=pubmed&DbFrom=pubmed&Cmd=Link&LinkName=pubmed_pubmed&IdsFromResult=39746924&ordinalpos=1&itool=EntrezSystem2.PEntrez.Pubmed.Pubmed_ResultsPanel.Pubmed_DiscoveryPanel.Pubmed_Discovery_RA&log$=relatedarticles&logdbfrom=pubmed'>Related, PubMed</a>","<a href='https://scholar.google.com/scholar?q=related:https://pmc.ncbi.nlm.nih.gov/articles/PMC11696047/'>Related, Google Scholar</a>","<a href='https://pubmed.ncbi.nlm.nih.gov/?linkname=pubmed_pubmed_citedin&from_uid=39746924'>Cited By, PMID</a>","<a href='https://scholar.google.com/scholar?hl=en&lr=&cites=https://pmc.ncbi.nlm.nih.gov/articles/PMC11696047/'>Cited By, Google</a>"," ",
"R37MH107649","Department of Epidemiology, Harvard T.H. Chan School of Public Health, Boston, MA, USA. bstrober@hsph.harvard.edu.","2025","Strober, Benjamin J; Zhang, Martin Jinye; Amariuta, Tiffany; Rossen, Jordan; Price, Alkes L","United States","1546-1718"," ","<a href='https://pubmed.ncbi.nlm.nih.gov/39747598'>Nature genetics</a>","Nat Genet"," ","eng"," "," ","39747598","2025 Jan 02","Fine-mapping causal tissues and genes at disease-associated loci.","<a href='https://pubmed.ncbi.nlm.nih.gov/?Db=pubmed&DbFrom=pubmed&Cmd=Link&LinkName=pubmed_pubmed&IdsFromResult=39747598&ordinalpos=1&itool=EntrezSystem2.PEntrez.Pubmed.Pubmed_ResultsPanel.Pubmed_DiscoveryPanel.Pubmed_Discovery_RA&log$=relatedarticles&logdbfrom=pubmed'>Related, PubMed</a>","<a href='https://scholar.google.com/scholar?hl=en&q=Fine-mapping causal tissues and genes at disease-associated loci.'>Related, Google Scholar</a>","<a href='https://pubmed.ncbi.nlm.nih.gov/?linkname=pubmed_pubmed_citedin&from_uid=39747598'>Cited By, PMID</a>"," "," ",
"R01MH125244","Department of Biomedical Data Science, Stanford University, Stanford, CA, USA. eulalio@alumni.stanford.edu.","2025","Eulalio, Tiffany; Sun, Min Woo; Gevaert, Olivier; Greicius, Michael D; Montine, Thomas J; Nachun, Daniel; Montgomery, Stephen B","England","2041-1723","1","<a href='https://pubmed.ncbi.nlm.nih.gov/39753567'>Nature communications</a>","Nat Commun","16","eng","368","11698866","39753567","2025 Jan 03","<a href='https://www.ncbi.nlm.nih.gov/pmc/articles/11698866'>regionalpcs improve discovery of DNA methylation associations with complex traits.</a>","<a href='https://pubmed.ncbi.nlm.nih.gov/?Db=pubmed&DbFrom=pubmed&Cmd=Link&LinkName=pubmed_pubmed&IdsFromResult=39753567&ordinalpos=1&itool=EntrezSystem2.PEntrez.Pubmed.Pubmed_ResultsPanel.Pubmed_DiscoveryPanel.Pubmed_Discovery_RA&log$=relatedarticles&logdbfrom=pubmed'>Related, PubMed</a>","<a href='https://scholar.google.com/scholar?q=related:https://pmc.ncbi.nlm.nih.gov/articles/PMC11698866/'>Related, Google Scholar</a>","<a href='https://pubmed.ncbi.nlm.nih.gov/?linkname=pubmed_pubmed_citedin&from_uid=39753567'>Cited By, PMID</a>","<a href='https://scholar.google.com/scholar?hl=en&lr=&cites=https://pmc.ncbi.nlm.nih.gov/articles/PMC11698866/'>Cited By, Google</a>"," ",
"R00MH121166","Centre for Microbiology Research, Kenya Medical Research Institute, Nairobi, Kenya. vomollo@kemri-rctp.org.","2025","Omollo, Victor; Roche, Stephanie D; Zhang, Shengruo; Asewe, Magdalene; Rono, Bernard K; Kwach, Benn; Rota, Greshon; Ong'wen, Patricia; Harkey, Kendall; Odoyo, Josephine; Were, Daniel; Ngure, Kenneth; Bukusi, Elizabeth A; Ortblad, Katrina F","England","1472-6963","1","<a href='https://pubmed.ncbi.nlm.nih.gov/39755595'>BMC health services research</a>","BMC Health Serv Res","25","eng","23","11699675","39755595","2025 Jan 04","<a href='https://www.ncbi.nlm.nih.gov/pmc/articles/11699675'>Measuring the uptake of clinic-based HIV treatment and prevention services following HIV testing and referral at private pharmacies in Kenya.</a>","<a href='https://pubmed.ncbi.nlm.nih.gov/?Db=pubmed&DbFrom=pubmed&Cmd=Link&LinkName=pubmed_pubmed&IdsFromResult=39755595&ordinalpos=1&itool=EntrezSystem2.PEntrez.Pubmed.Pubmed_ResultsPanel.Pubmed_DiscoveryPanel.Pubmed_Discovery_RA&log$=relatedarticles&logdbfrom=pubmed'>Related, PubMed</a>","<a href='https://scholar.google.com/scholar?q=related:https://pmc.ncbi.nlm.nih.gov/articles/PMC11699675/'>Related, Google Scholar</a>","<a href='https://pubmed.ncbi.nlm.nih.gov/?linkname=pubmed_pubmed_citedin&from_uid=39755595'>Cited By, PMID</a>","<a href='https://scholar.google.com/scholar?hl=en&lr=&cites=https://pmc.ncbi.nlm.nih.gov/articles/PMC11699675/'>Cited By, Google</a>"," ",
"R21MH134750","Institute for Global Health and Infectious Diseases, University of North Carolina at Chapel Hill, Chapel Hill, North Carolina, USA.","2025","Graybill, Lauren A; McKay, Caroline N; Wang, Jiayu; Sam-Agudu, Nadia A; Yotebieng, Marcel; Saidi, Friday; Bekker, Linda-Gail; Shook-Sa, Bonnie E; Chi, Benjamin H; Rosenberg, Nora E","Switzerland","1758-2652","1","<a href='https://pubmed.ncbi.nlm.nih.gov/39757425'>Journal of the International AIDS Society</a>","J Int AIDS Soc","28","eng","e26407","11702491","39757425","2025 Jan","<a href='https://www.ncbi.nlm.nih.gov/pmc/articles/11702491'>Characterizing populations prioritized for PrEP in 19 African countries: a review of national guidance.</a>","<a href='https://pubmed.ncbi.nlm.nih.gov/?Db=pubmed&DbFrom=pubmed&Cmd=Link&LinkName=pubmed_pubmed&IdsFromResult=39757425&ordinalpos=1&itool=EntrezSystem2.PEntrez.Pubmed.Pubmed_ResultsPanel.Pubmed_DiscoveryPanel.Pubmed_Discovery_RA&log$=relatedarticles&logdbfrom=pubmed'>Related, PubMed</a>","<a href='https://scholar.google.com/scholar?q=related:https://pmc.ncbi.nlm.nih.gov/articles/PMC11702491/'>Related, Google Scholar</a>","<a href='https://pubmed.ncbi.nlm.nih.gov/?linkname=pubmed_pubmed_citedin&from_uid=39757425'>Cited By, PMID</a>","<a href='https://scholar.google.com/scholar?hl=en&lr=&cites=https://pmc.ncbi.nlm.nih.gov/articles/PMC11702491/'>Cited By, Google</a>"," ",
"K01MH123914","University of Wisconsin-Madison, University of Texas at Austin, Madison, Wisconsin, USA.","2025","Schaumberg, Katherine","United States","1098-108X"," ","<a href='https://pubmed.ncbi.nlm.nih.gov/39760235'>The International journal of eating disorders</a>","Int J Eat Disord"," ","eng"," "," ","39760235","2025 Jan 06","TeenGrowth: Individualized Estimations of Weight-Related Risk and Recovery Metrics for Young People With Eating Disorders.","<a href='https://pubmed.ncbi.nlm.nih.gov/?Db=pubmed&DbFrom=pubmed&Cmd=Link&LinkName=pubmed_pubmed&IdsFromResult=39760235&ordinalpos=1&itool=EntrezSystem2.PEntrez.Pubmed.Pubmed_ResultsPanel.Pubmed_DiscoveryPanel.Pubmed_Discovery_RA&log$=relatedarticles&logdbfrom=pubmed'>Related, PubMed</a>","<a href='https://scholar.google.com/scholar?hl=en&q=TeenGrowth: Individualized Estimations of Weight-Related Risk and Recovery Metrics for Young People With Eating Disorders.'>Related, Google Scholar</a>","<a href='https://pubmed.ncbi.nlm.nih.gov/?linkname=pubmed_pubmed_citedin&from_uid=39760235'>Cited By, PMID</a>"," "," ",
"P30MH133399","Department of Public Health Sciences, University of Miami Miller School of Medicine, Miami, FL, USA.","2025","Jaramillo, Jahn; Chavez, Jennifer V; Larson, Michaela E; Harkness, Audrey","United States","1548-3576","1","<a href='https://pubmed.ncbi.nlm.nih.gov/39762489'>Current HIV/AIDS reports</a>","Curr HIV/AIDS Rep","22","eng","12"," ","39762489","2025 Jan 07","Peer-Led Adjunctive Interventions for Increasing the Reach of HIV Prevention and Care Interventions to Latino/x/e Men Who Have Sex with Men: a Scoping Review.","<a href='https://pubmed.ncbi.nlm.nih.gov/?Db=pubmed&DbFrom=pubmed&Cmd=Link&LinkName=pubmed_pubmed&IdsFromResult=39762489&ordinalpos=1&itool=EntrezSystem2.PEntrez.Pubmed.Pubmed_ResultsPanel.Pubmed_DiscoveryPanel.Pubmed_Discovery_RA&log$=relatedarticles&logdbfrom=pubmed'>Related, PubMed</a>","<a href='https://scholar.google.com/scholar?hl=en&q=Peer-Led Adjunctive Interventions for Increasing the Reach of HIV Prevention and Care Interventions to Latino/x/e Men Who Have Sex with Men: a Scoping Review.'>Related, Google Scholar</a>","<a href='https://pubmed.ncbi.nlm.nih.gov/?linkname=pubmed_pubmed_citedin&from_uid=39762489'>Cited By, PMID</a>"," "," ",
"F31MH135828","Department of Public Health Sciences, University of Miami Miller School of Medicine, Miami, FL, USA.","2025","Jaramillo, Jahn; Chavez, Jennifer V; Larson, Michaela E; Harkness, Audrey","United States","1548-3576","1","<a href='https://pubmed.ncbi.nlm.nih.gov/39762489'>Current HIV/AIDS reports</a>","Curr HIV/AIDS Rep","22","eng","12"," ","39762489","2025 Jan 07","Peer-Led Adjunctive Interventions for Increasing the Reach of HIV Prevention and Care Interventions to Latino/x/e Men Who Have Sex with Men: a Scoping Review.","<a href='https://pubmed.ncbi.nlm.nih.gov/?Db=pubmed&DbFrom=pubmed&Cmd=Link&LinkName=pubmed_pubmed&IdsFromResult=39762489&ordinalpos=1&itool=EntrezSystem2.PEntrez.Pubmed.Pubmed_ResultsPanel.Pubmed_DiscoveryPanel.Pubmed_Discovery_RA&log$=relatedarticles&logdbfrom=pubmed'>Related, PubMed</a>","<a href='https://scholar.google.com/scholar?hl=en&q=Peer-Led Adjunctive Interventions for Increasing the Reach of HIV Prevention and Care Interventions to Latino/x/e Men Who Have Sex with Men: a Scoping Review.'>Related, Google Scholar</a>","<a href='https://pubmed.ncbi.nlm.nih.gov/?linkname=pubmed_pubmed_citedin&from_uid=39762489'>Cited By, PMID</a>"," "," ",
"T32MH018921","University of Houston, Houston, Texas, USA.","2025","Boone, Kiran; Babinski, Dara; Kujawa, Autumn; Pegg, Samantha; Sharp, Carla","England","1932-863X","1","<a href='https://pubmed.ncbi.nlm.nih.gov/39763020'>Personality and mental health</a>","Personal Ment Health","19","eng","e70000"," ","39763020","2025 Feb","The incremental validity of level of personality functioning over borderline personality features in associations with early adolescent social reward processing.","<a href='https://pubmed.ncbi.nlm.nih.gov/?Db=pubmed&DbFrom=pubmed&Cmd=Link&LinkName=pubmed_pubmed&IdsFromResult=39763020&ordinalpos=1&itool=EntrezSystem2.PEntrez.Pubmed.Pubmed_ResultsPanel.Pubmed_DiscoveryPanel.Pubmed_Discovery_RA&log$=relatedarticles&logdbfrom=pubmed'>Related, PubMed</a>","<a href='https://scholar.google.com/scholar?hl=en&q=The incremental validity of level of personality functioning over borderline personality features in associations with early adolescent social reward processing.'>Related, Google Scholar</a>","<a href='https://pubmed.ncbi.nlm.nih.gov/?linkname=pubmed_pubmed_citedin&from_uid=39763020'>Cited By, PMID</a>"," "," ",
"P50MH109429","Department of Biomedical Engineering, City College of New York, New York, NY, United States of America.","2025","Parra, Lucas C; Silvan, Aimar; Nentwich, Maximilian; Madsen, Jens; Parra, Vera E; Babadi, Behtash","United States","1932-6203","1","<a href='https://pubmed.ncbi.nlm.nih.gov/39787085'>PloS one</a>","PLoS One","20","eng","e0313875","11717226","39787085","2025","<a href='https://www.ncbi.nlm.nih.gov/pmc/articles/11717226'>VARX Granger analysis: Models for neuroscience, physiology, sociology and econometrics.</a>","<a href='https://pubmed.ncbi.nlm.nih.gov/?Db=pubmed&DbFrom=pubmed&Cmd=Link&LinkName=pubmed_pubmed&IdsFromResult=39787085&ordinalpos=1&itool=EntrezSystem2.PEntrez.Pubmed.Pubmed_ResultsPanel.Pubmed_DiscoveryPanel.Pubmed_Discovery_RA&log$=relatedarticles&logdbfrom=pubmed'>Related, PubMed</a>","<a href='https://scholar.google.com/scholar?q=related:https://pmc.ncbi.nlm.nih.gov/articles/PMC11717226/'>Related, Google Scholar</a>","<a href='https://pubmed.ncbi.nlm.nih.gov/?linkname=pubmed_pubmed_citedin&from_uid=39787085'>Cited By, PMID</a>","<a href='https://scholar.google.com/scholar?hl=en&lr=&cites=https://pmc.ncbi.nlm.nih.gov/articles/PMC11717226/'>Cited By, Google</a>"," ",
"RF1MH123202","School of Environmental, Civil, Agricultural and Mechanical Engineering, College of Engineering, University of Georgia, Athens, GA 30602, USA. xqwang@uga.edu.","2025","Hou, Jixin; Wu, Zhengwang; Chen, Xianyan; Wang, Li; Zhu, Dajiang; Liu, Tianming; Li, Gang; Wang, Xianqiao","England","1744-6848"," ","<a href='https://pubmed.ncbi.nlm.nih.gov/39791229'>Soft matter</a>","Soft Matter"," ","eng"," ","11718650","39791229","2025 Jan 10","<a href='https://www.ncbi.nlm.nih.gov/pmc/articles/11718650'>Role of data-driven regional growth model in shaping brain folding patterns.</a>","<a href='https://pubmed.ncbi.nlm.nih.gov/?Db=pubmed&DbFrom=pubmed&Cmd=Link&LinkName=pubmed_pubmed&IdsFromResult=39791229&ordinalpos=1&itool=EntrezSystem2.PEntrez.Pubmed.Pubmed_ResultsPanel.Pubmed_DiscoveryPanel.Pubmed_Discovery_RA&log$=relatedarticles&logdbfrom=pubmed'>Related, PubMed</a>","<a href='https://scholar.google.com/scholar?q=related:https://pmc.ncbi.nlm.nih.gov/articles/PMC11718650/'>Related, Google Scholar</a>","<a href='https://pubmed.ncbi.nlm.nih.gov/?linkname=pubmed_pubmed_citedin&from_uid=39791229'>Cited By, PMID</a>","<a href='https://scholar.google.com/scholar?hl=en&lr=&cites=https://pmc.ncbi.nlm.nih.gov/articles/PMC11718650/'>Cited By, Google</a>"," ",
"R01MH100121","University of Texas at Austin.","2025","Varga, Nicole L; Roome, Hannah E; Molitor, Robert J; Martinez, Lucia; Hipskind, Elizabeth M; Mack, Michael L; Preston, Alison R; Schlichting, Margaret L","United States","1530-8898"," ","<a href='https://pubmed.ncbi.nlm.nih.gov/39792655'>Journal of cognitive neuroscience</a>","J Cogn Neurosci"," ","eng","1-43"," ","39792655","2025 Jan 07","Differentiation of Related Events in Hippocampus Supports Memory Reinstatement in Development.","<a href='https://pubmed.ncbi.nlm.nih.gov/?Db=pubmed&DbFrom=pubmed&Cmd=Link&LinkName=pubmed_pubmed&IdsFromResult=39792655&ordinalpos=1&itool=EntrezSystem2.PEntrez.Pubmed.Pubmed_ResultsPanel.Pubmed_DiscoveryPanel.Pubmed_Discovery_RA&log$=relatedarticles&logdbfrom=pubmed'>Related, PubMed</a>","<a href='https://scholar.google.com/scholar?hl=en&q=Differentiation of Related Events in Hippocampus Supports Memory Reinstatement in Development.'>Related, Google Scholar</a>","<a href='https://pubmed.ncbi.nlm.nih.gov/?linkname=pubmed_pubmed_citedin&from_uid=39792655'>Cited By, PMID</a>"," "," ",
"R25MH123256","National Institute of Hygiene and Epidemiology (NIHE), Hanoi, Vietnam.","2025","Ngo, Hanh Hong Thi; Pham, Tram Phuong Thi; Hoang, Ha Thanh Thi; Bui, Duc Hoang; Phan, Huong Thu Thi; Nguyen, Quoc Cuong; Duong, Thanh Cong; Bui, Hien Thu; Nguyen, Ha Thanh Thi; Le, Mai Quynh Thi; Dang, Anh Duc; McFarland, Willi; Truong, Hong-Ha M; Pham, Thang Hong","United States","1944-7884","1","<a href='https://pubmed.ncbi.nlm.nih.gov/39322986'>Journal of acquired immune deficiency syndromes (1999)</a>","J Acquir Immune Defic Syndr","98","eng","29-36","11624091","39322986","2025 Jan 01","Detection of Antiretroviral Drug-Resistant Mutations and HIV-1 Subtypes in Circulation Among Men Who Have Sex With Men, SEM Females, and Female Sex Workers: Results of Vietnam's HIV Sentinel Surveillance Plus System, 2018-2020.","<a href='https://pubmed.ncbi.nlm.nih.gov/?Db=pubmed&DbFrom=pubmed&Cmd=Link&LinkName=pubmed_pubmed&IdsFromResult=39322986&ordinalpos=1&itool=EntrezSystem2.PEntrez.Pubmed.Pubmed_ResultsPanel.Pubmed_DiscoveryPanel.Pubmed_Discovery_RA&log$=relatedarticles&logdbfrom=pubmed'>Related, PubMed</a>","<a href='https://scholar.google.com/scholar?q=related:https://pmc.ncbi.nlm.nih.gov/articles/PMC11624091/'>Related, Google Scholar</a>","<a href='https://pubmed.ncbi.nlm.nih.gov/?linkname=pubmed_pubmed_citedin&from_uid=39322986'>Cited By, PMID</a>","<a href='https://scholar.google.com/scholar?hl=en&lr=&cites=https://pmc.ncbi.nlm.nih.gov/articles/PMC11624091/'>Cited By, Google</a>"," ",
"R01MH115905","Virginia Consortium Program in Clinical Psychology, Old Dominion University, United States of America. Electronic address: hullsunday@gmail.com.","2025","Hull, Sunday; Origlio, Julianne; Noyola, Nestor; Henin, Aude; Liu, Richard T","Netherlands","1573-2517"," ","<a href='https://pubmed.ncbi.nlm.nih.gov/39389112'>Journal of affective disorders</a>","J Affect Disord","369","eng","467-474","11608133","39389112","2025 Jan 15","Dimensions of experienced gender and prospective self-injurious thoughts and behaviors in preadolescent children: A national study.","<a href='https://pubmed.ncbi.nlm.nih.gov/?Db=pubmed&DbFrom=pubmed&Cmd=Link&LinkName=pubmed_pubmed&IdsFromResult=39389112&ordinalpos=1&itool=EntrezSystem2.PEntrez.Pubmed.Pubmed_ResultsPanel.Pubmed_DiscoveryPanel.Pubmed_Discovery_RA&log$=relatedarticles&logdbfrom=pubmed'>Related, PubMed</a>","<a href='https://scholar.google.com/scholar?q=related:https://pmc.ncbi.nlm.nih.gov/articles/PMC11608133/'>Related, Google Scholar</a>","<a href='https://pubmed.ncbi.nlm.nih.gov/?linkname=pubmed_pubmed_citedin&from_uid=39389112'>Cited By, PMID</a>","<a href='https://scholar.google.com/scholar?hl=en&lr=&cites=https://pmc.ncbi.nlm.nih.gov/articles/PMC11608133/'>Cited By, Google</a>"," ",
"K23MH121585","University of Pittsburgh, PA, USA.","2025","Molina, Brooke S G; Joseph, Heather M; Kipp, Heidi L; Pedersen, Sarah L; Kolko, David J; Lindstrom, Rachel A; Bauer, Daniel J; Subramaniam, Geetha A","United States","1557-1246","2","<a href='https://pubmed.ncbi.nlm.nih.gov/39402929'>Journal of attention disorders</a>","J Atten Disord","29","eng","107-119","11585434","39402929","2025 Jan","<a href='https://www.ncbi.nlm.nih.gov/pmc/articles/11585434'>Adolescent-Reported Changes in Provider Behavior Following Pediatrician Training in Stimulant Diversion Prevention: Results From a Cluster Randomized Controlled Trial.</a>","<a href='https://pubmed.ncbi.nlm.nih.gov/?Db=pubmed&DbFrom=pubmed&Cmd=Link&LinkName=pubmed_pubmed&IdsFromResult=39402929&ordinalpos=1&itool=EntrezSystem2.PEntrez.Pubmed.Pubmed_ResultsPanel.Pubmed_DiscoveryPanel.Pubmed_Discovery_RA&log$=relatedarticles&logdbfrom=pubmed'>Related, PubMed</a>","<a href='https://scholar.google.com/scholar?q=related:https://pmc.ncbi.nlm.nih.gov/articles/PMC11585434/'>Related, Google Scholar</a>","<a href='https://pubmed.ncbi.nlm.nih.gov/?linkname=pubmed_pubmed_citedin&from_uid=39402929'>Cited By, PMID</a>","<a href='https://scholar.google.com/scholar?hl=en&lr=&cites=https://pmc.ncbi.nlm.nih.gov/articles/PMC11585434/'>Cited By, Google</a>"," ",
"R01MH119947","Department of Psychiatry and Behavioral Sciences, Johns Hopkins University School of Medicine.","2025","Rubin, Leah H; Maki, Pauline M; Du, Yong; Sweeney, Shannon Eileen; O'Toole, Riley; Nam, Hwanhee; Lee, Hannah; Soule, Ana R; Rowe, Steven P; Lesniak, Wojciech G; Minn, Il; Dastgheyb, Raha; Shorer, Eran F; Wugalter, Katrina A; Severson, Joan; Wu, Yunkou; Hall, Andrew W; Mathews, William B; Kassiou, Michael; Dannals, Robert F; Kassaye, Seble G; Brown, Todd T; Bakker, Arnold; Pomper, Martin G; Coughlin, Jennifer M","England","1473-5571","2","<a href='https://pubmed.ncbi.nlm.nih.gov/39405127'>AIDS (London, England)</a>","AIDS","39","eng","133-142","11717590","39405127","2025 Feb 01","Imaging the translocator protein 18 kDa within cognitive control and declarative memory circuits in virally suppressed people with HIV.","<a href='https://pubmed.ncbi.nlm.nih.gov/?Db=pubmed&DbFrom=pubmed&Cmd=Link&LinkName=pubmed_pubmed&IdsFromResult=39405127&ordinalpos=1&itool=EntrezSystem2.PEntrez.Pubmed.Pubmed_ResultsPanel.Pubmed_DiscoveryPanel.Pubmed_Discovery_RA&log$=relatedarticles&logdbfrom=pubmed'>Related, PubMed</a>","<a href='https://scholar.google.com/scholar?q=related:https://pmc.ncbi.nlm.nih.gov/articles/PMC11717590/'>Related, Google Scholar</a>","<a href='https://pubmed.ncbi.nlm.nih.gov/?linkname=pubmed_pubmed_citedin&from_uid=39405127'>Cited By, PMID</a>","<a href='https://scholar.google.com/scholar?hl=en&lr=&cites=https://pmc.ncbi.nlm.nih.gov/articles/PMC11717590/'>Cited By, Google</a>"," ",
"P30MH075673","Department of Psychiatry and Behavioral Sciences, Johns Hopkins University School of Medicine.","2025","Rubin, Leah H; Maki, Pauline M; Du, Yong; Sweeney, Shannon Eileen; O'Toole, Riley; Nam, Hwanhee; Lee, Hannah; Soule, Ana R; Rowe, Steven P; Lesniak, Wojciech G; Minn, Il; Dastgheyb, Raha; Shorer, Eran F; Wugalter, Katrina A; Severson, Joan; Wu, Yunkou; Hall, Andrew W; Mathews, William B; Kassiou, Michael; Dannals, Robert F; Kassaye, Seble G; Brown, Todd T; Bakker, Arnold; Pomper, Martin G; Coughlin, Jennifer M","England","1473-5571","2","<a href='https://pubmed.ncbi.nlm.nih.gov/39405127'>AIDS (London, England)</a>","AIDS","39","eng","133-142","11717590","39405127","2025 Feb 01","Imaging the translocator protein 18 kDa within cognitive control and declarative memory circuits in virally suppressed people with HIV.","<a href='https://pubmed.ncbi.nlm.nih.gov/?Db=pubmed&DbFrom=pubmed&Cmd=Link&LinkName=pubmed_pubmed&IdsFromResult=39405127&ordinalpos=1&itool=EntrezSystem2.PEntrez.Pubmed.Pubmed_ResultsPanel.Pubmed_DiscoveryPanel.Pubmed_Discovery_RA&log$=relatedarticles&logdbfrom=pubmed'>Related, PubMed</a>","<a href='https://scholar.google.com/scholar?q=related:https://pmc.ncbi.nlm.nih.gov/articles/PMC11717590/'>Related, Google Scholar</a>","<a href='https://pubmed.ncbi.nlm.nih.gov/?linkname=pubmed_pubmed_citedin&from_uid=39405127'>Cited By, PMID</a>","<a href='https://scholar.google.com/scholar?hl=en&lr=&cites=https://pmc.ncbi.nlm.nih.gov/articles/PMC11717590/'>Cited By, Google</a>"," ",
"R01MH119177","Department of Population Health Sciences, Weill Cornell Medicine, New York, NY 10065, USA.","2025","Patra, Braja Gopal; Lepow, Lauren A; Kasi Reddy Jagadeesh Kumar, Praneet; Vekaria, Veer; Sharma, Mohit Manoj; Adekkanattu, Prakash; Fennessy, Brian; Hynes, Gavin; Landi, Isotta; Sanchez-Ruiz, Jorge A; Ryu, Euijung; Biernacka, Joanna M; Nadkarni, Girish N; Talati, Ardesheer; Weissman, Myrna; Olfson, Mark; Mann, J John; Zhang, Yiye; Charney, Alexander W; Pathak, Jyotishman","England","1527-974X","1","<a href='https://pubmed.ncbi.nlm.nih.gov/39423850'>Journal of the American Medical Informatics Association : JAMIA</a>","J Am Med Inform Assoc","32","eng","218-226","11648716","39423850","2025 Jan 01","Extracting social support and social isolation information from clinical psychiatry notes: comparing a rule-based natural language processing system and a large language model.","<a href='https://pubmed.ncbi.nlm.nih.gov/?Db=pubmed&DbFrom=pubmed&Cmd=Link&LinkName=pubmed_pubmed&IdsFromResult=39423850&ordinalpos=1&itool=EntrezSystem2.PEntrez.Pubmed.Pubmed_ResultsPanel.Pubmed_DiscoveryPanel.Pubmed_Discovery_RA&log$=relatedarticles&logdbfrom=pubmed'>Related, PubMed</a>","<a href='https://scholar.google.com/scholar?q=related:https://pmc.ncbi.nlm.nih.gov/articles/PMC11648716/'>Related, Google Scholar</a>","<a href='https://pubmed.ncbi.nlm.nih.gov/?linkname=pubmed_pubmed_citedin&from_uid=39423850'>Cited By, PMID</a>","<a href='https://scholar.google.com/scholar?hl=en&lr=&cites=https://pmc.ncbi.nlm.nih.gov/articles/PMC11648716/'>Cited By, Google</a>"," ",
"R37MH101495","Department of Psychology, Stanford University, Stanford, CA, USA. Electronic address: jpuy@stanford.edu.","2025","Uy, Jessica P; Shin, Katy; Buthmann, Jessica L; Kircanski, Katharina; LeMoult, Joelle; Berens, Anne E; Gotlib, Ian H","England","1873-3360"," ","<a href='https://pubmed.ncbi.nlm.nih.gov/39426039'>Psychoneuroendocrinology</a>","Psychoneuroendocrinology","171","eng","107214","11568899","39426039","2025 Jan","Exposure to diesel-related particulate matter, cortisol stress responsivity, and depressive symptoms in adolescents.","<a href='https://pubmed.ncbi.nlm.nih.gov/?Db=pubmed&DbFrom=pubmed&Cmd=Link&LinkName=pubmed_pubmed&IdsFromResult=39426039&ordinalpos=1&itool=EntrezSystem2.PEntrez.Pubmed.Pubmed_ResultsPanel.Pubmed_DiscoveryPanel.Pubmed_Discovery_RA&log$=relatedarticles&logdbfrom=pubmed'>Related, PubMed</a>","<a href='https://scholar.google.com/scholar?q=related:https://pmc.ncbi.nlm.nih.gov/articles/PMC11568899/'>Related, Google Scholar</a>","<a href='https://pubmed.ncbi.nlm.nih.gov/?linkname=pubmed_pubmed_citedin&from_uid=39426039'>Cited By, PMID</a>","<a href='https://scholar.google.com/scholar?hl=en&lr=&cites=https://pmc.ncbi.nlm.nih.gov/articles/PMC11568899/'>Cited By, Google</a>"," ",
"R01MH120482","Department of Biomedical Engineering, Johns Hopkins University, Maryland, USA.","2025","Panda, Sambit; Shen, Cencheng; Perry, Ronan; Zorn, Jelle; Lutz, Antoine; Priebe, Carey E; Vogelstein, Joshua T","Netherlands","0167-7152"," ","<a href='https://pubmed.ncbi.nlm.nih.gov/39463782'>Statistics & probability letters</a>","Stat Probab Lett","216","eng"," ","11500729","39463782","2025 Jan","Universally Consistent K-Sample Tests via Dependence Measures.","<a href='https://pubmed.ncbi.nlm.nih.gov/?Db=pubmed&DbFrom=pubmed&Cmd=Link&LinkName=pubmed_pubmed&IdsFromResult=39463782&ordinalpos=1&itool=EntrezSystem2.PEntrez.Pubmed.Pubmed_ResultsPanel.Pubmed_DiscoveryPanel.Pubmed_Discovery_RA&log$=relatedarticles&logdbfrom=pubmed'>Related, PubMed</a>","<a href='https://scholar.google.com/scholar?q=related:https://pmc.ncbi.nlm.nih.gov/articles/PMC11500729/'>Related, Google Scholar</a>","<a href='https://pubmed.ncbi.nlm.nih.gov/?linkname=pubmed_pubmed_citedin&from_uid=39463782'>Cited By, PMID</a>","<a href='https://scholar.google.com/scholar?hl=en&lr=&cites=https://pmc.ncbi.nlm.nih.gov/articles/PMC11500729/'>Cited By, Google</a>"," ",
"F30MH132165","Division of Genetic Medicine, Department of Medicine, Vanderbilt University Medical Center, Nashville, Tennessee.","2025","Lake, Allison M; Zhou, Yu; Wang, Bo; Actkins, Ky'Era V; Zhang, Yingzhe; Shelley, John P; Rajamani, Anindita; Steigman, Michael; Kennedy, Chris J; Smoller, Jordan W; Choi, Karmel W; Khankari, Nikhil K; Davis, Lea K","United States","2168-6238","1","<a href='https://pubmed.ncbi.nlm.nih.gov/39475956'>JAMA psychiatry</a>","JAMA Psychiatry","82","eng","75-84","11581726","39475956","2025 Jan 01","<a href='https://www.ncbi.nlm.nih.gov/pmc/articles/11581726'>Sexual Trauma, Polygenic Scores, and Mental Health Diagnoses and Outcomes.</a>","<a href='https://pubmed.ncbi.nlm.nih.gov/?Db=pubmed&DbFrom=pubmed&Cmd=Link&LinkName=pubmed_pubmed&IdsFromResult=39475956&ordinalpos=1&itool=EntrezSystem2.PEntrez.Pubmed.Pubmed_ResultsPanel.Pubmed_DiscoveryPanel.Pubmed_Discovery_RA&log$=relatedarticles&logdbfrom=pubmed'>Related, PubMed</a>","<a href='https://scholar.google.com/scholar?q=related:https://pmc.ncbi.nlm.nih.gov/articles/PMC11581726/'>Related, Google Scholar</a>","<a href='https://pubmed.ncbi.nlm.nih.gov/?linkname=pubmed_pubmed_citedin&from_uid=39475956'>Cited By, PMID</a>","<a href='https://scholar.google.com/scholar?hl=en&lr=&cites=https://pmc.ncbi.nlm.nih.gov/articles/PMC11581726/'>Cited By, Google</a>"," ",
"R01MH122487","University of Maryland, College Park, United States of America. Electronic address: ajparker@umd.edu.","2025","Parker, Alyssa J; Walker, Johanna C; Takarae, Yukari; Dougherty, Lea R; Wiggins, Jillian Lee","Netherlands","1573-2517"," ","<a href='https://pubmed.ncbi.nlm.nih.gov/39488236'>Journal of affective disorders</a>","J Affect Disord","370","eng","286-298"," ","39488236","2025 Feb 01","Neural mechanisms of reward processing in preadolescent irritability: Insights from the ABCD study.","<a href='https://pubmed.ncbi.nlm.nih.gov/?Db=pubmed&DbFrom=pubmed&Cmd=Link&LinkName=pubmed_pubmed&IdsFromResult=39488236&ordinalpos=1&itool=EntrezSystem2.PEntrez.Pubmed.Pubmed_ResultsPanel.Pubmed_DiscoveryPanel.Pubmed_Discovery_RA&log$=relatedarticles&logdbfrom=pubmed'>Related, PubMed</a>","<a href='https://scholar.google.com/scholar?hl=en&q=Neural mechanisms of reward processing in preadolescent irritability: Insights from the ABCD study.'>Related, Google Scholar</a>","<a href='https://pubmed.ncbi.nlm.nih.gov/?linkname=pubmed_pubmed_citedin&from_uid=39488236'>Cited By, PMID</a>"," "," ",
